1, 1, 1, 1, 1, 0.006, 0.001, 0.000, 0.001, 0.000, 0.000, 0.000, 0.000, 0.000, 0.000, 0.000, 0.000, 0.000, 0.000, 0.000, 0.000, 0.000, 0.000, 0.001, 0.000, 0.000, 0.000, 0.000, 0.000, 0.000, 0.048, 0.056, 0.063, 0.049, 0.052, 0.030, 0.064, 0.030, 0.032, 0.042, 0.054, 0.037, 0.054, 0.030, 0.044, 0.040, 0.040, 0.053, 0.043, 0.041, 0.041, 0.030, 0.038, 0.039, 0.032, 0.563, 0.003, 0.002, 0.001, 0.001, 0.002, 0.001, 0.002, 0.001, 0.002, 0.001, 0.002, 0.001, 0.002, 0.002, 0.002, 0.002, 0.004, 0.001, 0.002, 0.001, 0.002, 0.001, 0.002, 0.001, 0.008, 0.002, 0.002, 0.001, 0.002, 0.002, 0.001, 0.001, 0.002, 0.002, 0.002, 0.001, 0.002, 0.002, 0.002, 0.001, 0.001, 0.001, 0.002, 0.002, 0.002, 0.002, 0.001, 0.002, 0.002, 
1, 1, 1, 5, 1, 0.006, 0.002, 0.001, 0.001, 0.001, 0.001, 0.001, 0.001, 0.001, 0.000, 0.000, 0.001, 0.001, 0.001, 0.001, 0.001, 0.001, 0.000, 0.001, 0.001, 0.000, 0.001, 0.001, 0.000, 0.001, 0.070, 0.054, 0.039, 0.027, 0.026, 0.025, 0.025, 0.025, 0.057, 0.043, 0.036, 0.034, 0.034, 0.034, 0.034, 0.041, 0.036, 0.034, 0.034, 0.034, 0.033, 0.033, 0.033, 0.034, 0.033, 0.074, 0.005, 0.004, 0.004, 0.004, 0.004, 0.004, 0.004, 0.004, 0.007, 0.004, 0.004, 0.004, 0.004, 0.004, 0.004, 0.004, 0.004, 0.003, 0.003, 0.003, 0.003, 0.005, 0.004, 0.004, 0.011, 0.003, 0.004, 0.004, 0.004, 0.004, 0.004, 0.004, 0.003, 0.003, 0.002, 0.003, 0.003, 0.003, 0.002, 0.003, 0.003, 0.003, 0.002, 0.002, 0.003, 0.003, 0.003, 0.003, 0.003, 
1, 1, 2, 1, 1, 0.005, 0.001, 0.000, 0.001, 0.001, 0.000, 0.001, 0.000, 0.000, 0.000, 0.000, 0.000, 0.000, 0.000, 0.000, 0.000, 0.000, 0.000, 0.000, 0.000, 0.009, 0.001, 0.000, 0.000, 0.000, 0.044, 0.058, 0.037, 0.047, 0.029, 0.023, 0.022, 0.021, 0.022, 0.022, 0.022, 0.037, 0.027, 0.025, 0.022, 0.022, 0.022, 0.022, 0.022, 0.023, 0.023, 0.021, 0.022, 0.022, 0.022, 0.058, 0.002, 0.002, 0.001, 0.002, 0.001, 0.002, 0.001, 0.002, 0.002, 0.001, 0.002, 0.004, 0.002, 0.001, 0.002, 0.001, 0.002, 0.001, 0.002, 0.001, 0.002, 0.002, 0.001, 0.002, 0.007, 0.001, 0.001, 0.000, 0.001, 0.002, 0.001, 0.002, 0.001, 0.001, 0.001, 0.001, 0.001, 0.002, 0.002, 0.002, 0.002, 0.002, 0.002, 0.002, 0.002, 0.001, 0.001, 0.001, 0.002, 
10, 10, 1, 1, 1, 0.012, 0.005, 0.006, 0.005, 0.005, 0.005, 0.005, 0.005, 0.005, 0.005, 0.005, 0.005, 0.005, 0.005, 0.005, 0.005, 0.006, 0.008, 0.005, 0.006, 0.006, 0.006, 0.006, 0.006, 0.005, 0.128, 0.111, 0.036, 0.083, 0.047, 0.084, 0.079, 0.081, 0.106, 0.036, 0.060, 0.098, 0.039, 0.049, 0.083, 0.036, 0.036, 0.048, 0.063, 0.088, 0.083, 0.035, 0.095, 0.052, 0.028, 0.384, 0.223, 0.254, 0.281, 0.228, 0.235, 0.253, 0.237, 0.222, 0.263, 0.203, 0.201, 0.248, 0.242, 0.246, 0.370, 0.302, 0.287, 0.246, 0.227, 0.239, 0.374, 0.266, 0.230, 0.298, 0.019, 0.010, 0.686, 0.028, 0.011, 0.010, 0.012, 0.011, 0.035, 0.013, 0.010, 0.011, 0.011, 0.011, 0.021, 0.010, 0.010, 0.010, 0.010, 0.010, 0.010, 0.029, 0.014, 0.012, 0.013, 
10, 10, 1, 5, 1, 0.032, 0.026, 0.026, 0.026, 0.026, 0.029, 0.027, 0.026, 0.026, 0.025, 0.026, 0.026, 0.025, 0.026, 0.025, 0.026, 0.026, 0.026, 0.025, 0.026, 0.026, 0.025, 0.026, 0.026, 0.025, 0.103, 0.098, 0.073, 0.055, 0.053, 0.052, 0.052, 0.052, 0.053, 0.052, 0.052, 0.052, 0.052, 0.052, 0.052, 0.052, 0.051, 0.052, 0.053, 0.052, 0.052, 0.052, 0.075, 0.059, 0.061, 1.007, 0.898, 1.108, 1.013, 0.971, 1.025, 1.166, 0.947, 1.025, 0.889, 1.053, 0.862, 0.801, 0.895, 0.831, 0.867, 0.938, 0.947, 0.866, 0.801, 0.926, 0.832, 1.081, 1.074, 0.978, 0.053, 0.111, 0.069, 0.047, 0.051, 0.062, 0.093, 0.057, 0.071, 0.048, 0.080, 0.043, 0.050, 0.050, 0.047, 0.047, 0.046, 0.048, 0.050, 0.050, 0.055, 0.048, 0.050, 0.050, 0.052, 
10, 10, 2, 1, 1, 0.011, 0.006, 0.006, 0.006, 0.006, 0.006, 0.005, 0.005, 0.006, 0.005, 0.006, 0.005, 0.005, 0.007, 0.005, 0.005, 0.005, 0.005, 0.005, 0.006, 0.006, 0.006, 0.006, 0.006, 0.005, 0.088, 0.072, 0.057, 0.046, 0.063, 0.056, 0.051, 0.047, 0.043, 0.051, 0.044, 0.046, 0.043, 0.051, 0.050, 0.054, 0.051, 0.054, 0.044, 0.054, 0.043, 0.055, 0.049, 0.046, 0.057, 0.419, 0.239, 0.244, 0.209, 0.238, 0.178, 0.258, 0.273, 0.263, 0.234, 0.234, 0.211, 0.268, 0.278, 0.300, 0.245, 0.206, 0.246, 0.254, 0.251, 0.278, 0.320, 0.316, 0.265, 0.297, 0.014, 0.012, 0.043, 0.011, 0.010, 0.038, 0.012, 0.037, 0.012, 0.011, 0.012, 0.011, 0.025, 0.011, 0.036, 0.011, 0.030, 0.012, 0.025, 0.012, 0.015, 0.011, 0.012, 0.011, 0.011, 
10, 10, 2, 5, 1, 0.034, 0.026, 0.026, 0.025, 0.026, 0.026, 0.025, 0.026, 0.025, 0.026, 0.027, 0.025, 0.026, 0.028, 0.026, 0.033, 0.042, 0.028, 0.025, 0.026, 0.026, 0.025, 0.026, 0.026, 0.026, 0.136, 0.112, 0.100, 0.105, 0.089, 0.088, 0.091, 0.112, 0.087, 0.090, 0.089, 0.087, 0.094, 0.088, 0.087, 0.089, 0.084, 0.084, 0.086, 0.086, 0.087, 0.085, 0.087, 0.086, 0.084, 1.012, 0.831, 0.840, 0.942, 0.840, 0.800, 0.784, 0.889, 0.912, 0.963, 0.874, 0.914, 0.940, 0.974, 0.897, 0.779, 0.889, 0.851, 0.825, 0.850, 0.828, 0.805, 0.841, 0.794, 0.805, 0.095, 0.127, 0.047, 0.109, 0.080, 0.067, 0.049, 0.085, 0.050, 0.061, 0.048, 0.080, 0.073, 0.049, 0.065, 0.052, 0.044, 0.048, 0.088, 0.046, 0.062, 0.067, 0.055, 0.074, 0.054, 
100, 100, 1, 1, 1, 0.468, 0.462, 0.466, 0.467, 0.464, 0.460, 0.461, 0.461, 0.461, 0.461, 0.455, 0.466, 0.446, 0.460, 0.478, 0.570, 0.472, 0.468, 0.461, 0.460, 0.461, 0.476, 0.463, 0.463, 0.462, 0.516, 0.497, 0.608, 0.710, 0.550, 0.649, 0.511, 0.516, 0.492, 0.514, 0.492, 0.514, 0.492, 0.530, 0.499, 0.500, 0.499, 0.499, 0.499, 0.509, 0.498, 0.513, 0.544, 0.540, 0.622, 0.625, 0.422, 0.466, 0.385, 0.541, 0.443, 0.383, 0.432, 0.397, 0.477, 0.450, 0.370, 0.366, 0.404, 0.393, 0.397, 0.486, 0.403, 0.399, 0.365, 0.404, 0.390, 0.412, 0.377, 0.382, 0.772, 0.758, 0.755, 0.805, 0.780, 0.790, 0.796, 0.800, 0.777, 0.787, 0.780, 0.735, 0.747, 0.734, 0.735, 0.744, 0.723, 0.744, 0.728, 0.735, 0.732, 0.750, 0.781, 0.778, 0.789, 
100, 100, 2, 1, 1, 0.473, 0.446, 0.446, 0.446, 0.449, 0.447, 0.446, 0.446, 0.433, 0.476, 0.471, 0.476, 0.447, 0.479, 0.868, 0.463, 0.462, 0.524, 0.468, 0.533, 0.468, 0.472, 0.461, 0.462, 0.507, 0.343, 0.377, 0.289, 0.283, 0.304, 0.282, 0.299, 0.287, 0.284, 0.286, 0.360, 0.284, 0.289, 0.283, 0.292, 0.295, 0.283, 0.286, 0.284, 0.283, 0.289, 0.282, 0.281, 0.282, 0.282, 0.469, 0.345, 0.313, 0.372, 0.398, 0.388, 0.395, 0.418, 0.478, 0.489, 0.431, 0.407, 0.396, 0.456, 0.441, 0.436, 0.460, 0.425, 0.375, 0.362, 0.384, 0.405, 0.372, 0.367, 0.452, 0.538, 0.437, 0.534, 0.467, 0.416, 0.436, 0.464, 0.454, 0.476, 0.507, 0.463, 0.454, 0.465, 0.455, 0.463, 0.459, 0.467, 0.466, 0.468, 0.457, 0.438, 0.419, 0.403, 0.508, 0.425, 
100, 100, 2, 5, 1, 2.395, 2.309, 2.321, 2.530, 2.353, 2.391, 2.312, 2.308, 3.065, 2.473, 2.426, 2.763, 2.869, 2.631, 2.353, 3.261, 3.721, 2.460, 2.832, 2.303, 2.346, 3.335, 3.106, 2.605, 2.440, 1.635, 1.594, 1.927, 1.834, 2.314, 1.993, 1.938, 1.962, 1.882, 1.928, 2.222, 2.155, 1.974, 1.825, 1.730, 1.988, 2.028, 2.087, 2.192, 2.194, 2.166, 1.381, 1.346, 1.662, 1.420, 1.895, 1.988, 2.082, 1.808, 2.148, 1.885, 1.505, 1.693, 1.456, 1.549, 1.779, 1.921, 1.926, 1.710, 1.611, 1.695, 1.584, 1.609, 1.520, 1.842, 1.751, 1.725, 2.015, 1.512, 1.512, 2.315, 2.158, 2.140, 2.319, 2.459, 2.205, 2.171, 2.235, 2.244, 2.216, 2.262, 2.270, 2.301, 2.152, 2.094, 2.064, 2.133, 2.193, 2.203, 2.084, 2.101, 2.129, 2.110, 2.416, 2.334, 
500, 500, 1, 1, 1, 11.552, 11.592, 12.305, 12.106, 11.866, 12.116, 11.938, 11.937, 15.300, 12.366, 12.532, 11.502, 11.525, 11.747, 11.529, 12.479, 14.874, 11.699, 11.976, 12.803, 15.655, 12.032, 11.586, 11.498, 11.660, 11.969, 13.518, 11.872, 14.065, 14.769, 12.970, 12.218, 11.877, 12.348, 11.576, 11.820, 11.956, 13.262, 11.863, 12.419, 12.601, 12.621, 12.328, 12.667, 12.579, 12.766, 12.680, 11.932, 11.992, 13.318, 3.488, 5.128, 3.284, 3.434, 3.267, 3.309, 3.234, 3.250, 4.870, 3.670, 3.651, 3.331, 4.365, 3.252, 3.278, 5.553, 3.940, 4.066, 3.614, 3.215, 4.362, 5.430, 4.920, 4.384, 4.459, 20.234, 18.812, 19.560, 19.208, 18.891, 18.923, 19.290, 18.926, 19.262, 19.452, 19.011, 18.939, 19.271, 19.304, 19.039, 19.256, 19.158, 19.596, 18.966, 18.927, 19.079, 18.840, 18.930, 19.119, 19.620, 
500, 500, 1, 5, 1, 60.313, 58.101, 61.541, 62.425, 58.142, 60.555, 57.973, 57.847, 61.686, 58.701, 58.759, 57.948, 58.777, 59.410, 60.271, 59.380, 59.488, 61.373, 57.788, 59.774, 58.225, 58.328, 57.809, 57.899, 60.326, 67.595, 62.267, 60.134, 59.672, 63.470, 60.341, 62.948, 69.154, 63.905, 62.794, 60.784, 64.635, 66.070, 60.165, 63.184, 63.511, 61.589, 61.408, 60.329, 60.072, 63.070, 63.525, 62.918, 59.880, 60.912, 25.893, 23.799, 19.712, 24.871, 25.821, 25.036, 16.202, 19.433, 21.924, 23.224, 22.092, 27.153, 36.020, 30.396, 32.338, 29.470, 27.428, 27.066, 24.929, 16.925, 17.216, 28.717, 29.810, 41.937, 35.385, 111.261, 103.179, 104.795, 105.218, 104.976, 164.232, 138.422, 110.175, 99.325, 104.049, 102.460, 101.628, 105.461, 104.520, 101.613, 102.644, 98.555, 95.884, 102.656, 101.894, 101.129, 101.618, 99.781, 99.793, 100.596, 
500, 500, 2, 1, 1, 12.063, 12.638, 12.065, 11.837, 11.787, 11.887, 12.243, 12.326, 12.368, 11.664, 11.675, 11.872, 14.629, 11.581, 11.410, 12.365, 12.364, 11.283, 12.222, 12.091, 11.442, 14.101, 11.476, 11.705, 11.820, 6.420, 6.405, 6.108, 8.389, 7.398, 9.568, 8.336, 6.294, 7.161, 6.874, 6.675, 6.413, 6.449, 6.329, 6.294, 6.362, 6.079, 6.256, 6.019, 6.309, 6.287, 6.708, 6.146, 6.669, 7.899, 5.319, 4.501, 4.753, 4.510, 4.806, 5.113, 4.724, 4.865, 4.527, 4.627, 4.634, 5.431, 4.921, 4.887, 6.155, 4.928, 5.460, 5.667, 5.133, 4.750, 5.173, 4.933, 5.725, 5.198, 5.357, 10.990, 10.651, 10.701, 10.663, 10.285, 10.410, 10.350, 10.222, 10.136, 10.438, 10.438, 10.540, 10.998, 10.303, 10.066, 9.992, 10.859, 10.394, 11.183, 11.185, 10.863, 11.127, 10.675, 10.796, 10.807, 
500, 500, 2, 5, 1, 64.983, 62.456, 59.912, 57.709, 97.151, 89.885, 91.300, 61.616, 62.113, 69.580, 62.066, 58.796, 61.136, 61.008, 65.968, 69.231, 68.997, 60.200, 60.425, 70.018, 71.879, 64.766, 60.188, 61.398, 58.415, 31.023, 30.665, 31.045, 30.509, 30.092, 30.680, 36.241, 30.305, 30.917, 30.809, 30.749, 30.474, 30.459, 29.919, 29.881, 29.896, 29.873, 30.444, 30.136, 30.192, 30.479, 30.231, 30.201, 31.041, 30.888, 20.861, 25.936, 21.031, 24.219, 18.257, 19.391, 20.236, 19.168, 18.426, 18.649, 18.014, 17.897, 17.660, 18.088, 19.873, 19.232, 26.480, 18.920, 20.046, 22.166, 25.805, 73.753, 54.785, 34.159, 25.850, 53.740, 52.597, 53.664, 51.517, 53.839, 53.965, 52.509, 52.624, 52.466, 50.007, 135.227, 98.229, 70.031, 67.266, 54.644, 52.771, 50.451, 50.511, 49.465, 49.389, 49.647, 50.745, 49.949, 49.450, 50.396, 
1, 500, 1, 1, 1, 0.050, 0.107, 0.046, 0.044, 0.044, 0.044, 0.044, 0.043, 0.044, 0.049, 0.044, 0.044, 0.044, 0.044, 0.043, 0.044, 0.044, 0.044, 0.044, 0.044, 0.043, 0.044, 0.044, 0.044, 0.044, 0.092, 0.078, 0.091, 0.069, 0.068, 0.075, 0.069, 0.068, 0.068, 0.068, 0.067, 0.067, 0.068, 0.068, 0.068, 0.068, 0.068, 0.068, 0.068, 0.067, 0.067, 0.068, 0.067, 0.067, 0.067, 0.359, 0.272, 0.219, 0.205, 0.202, 0.229, 0.228, 0.212, 0.217, 0.250, 0.245, 0.255, 0.210, 0.213, 0.209, 0.265, 0.353, 0.299, 0.276, 0.316, 0.358, 0.267, 0.284, 0.267, 0.271, 0.091, 0.076, 0.076, 0.076, 0.078, 0.076, 0.075, 0.074, 0.075, 0.078, 0.077, 0.077, 0.076, 0.077, 0.077, 0.076, 0.079, 0.078, 0.076, 0.078, 0.075, 0.078, 0.076, 0.079, 0.077, 
1, 500, 1, 5, 1, 0.224, 0.297, 0.247, 0.217, 0.216, 0.217, 0.216, 0.217, 0.216, 0.217, 0.216, 0.217, 0.216, 0.216, 0.273, 0.217, 0.217, 0.223, 0.210, 0.210, 0.220, 0.217, 0.220, 0.250, 0.237, 0.276, 0.260, 0.261, 0.254, 0.253, 0.253, 0.251, 0.339, 0.266, 0.261, 0.253, 0.251, 0.251, 0.251, 0.259, 0.249, 0.250, 0.249, 0.259, 0.249, 0.255, 0.249, 0.249, 0.267, 0.274, 1.203, 0.949, 1.047, 0.927, 0.979, 0.907, 0.791, 0.851, 0.848, 1.074, 0.928, 0.880, 0.817, 0.882, 0.991, 0.851, 1.191, 1.124, 1.000, 1.083, 0.947, 0.922, 1.003, 1.076, 0.996, 0.375, 0.370, 0.359, 0.369, 0.370, 0.362, 0.361, 0.362, 0.365, 0.369, 0.362, 0.361, 0.362, 0.359, 0.366, 0.341, 0.376, 0.408, 0.403, 0.370, 0.403, 0.368, 0.367, 0.371, 0.372, 
1, 500, 2, 1, 1, 0.051, 0.044, 0.044, 0.044, 0.044, 0.043, 0.044, 0.044, 0.043, 0.043, 0.044, 0.044, 0.043, 0.044, 0.044, 0.044, 0.044, 0.044, 0.043, 0.043, 0.044, 0.043, 0.044, 0.043, 0.044, 0.105, 0.085, 0.076, 0.073, 0.068, 0.064, 0.069, 0.064, 0.067, 0.068, 0.064, 0.064, 0.063, 0.062, 0.062, 0.064, 0.069, 0.065, 0.067, 0.072, 0.071, 0.065, 0.066, 0.067, 0.064, 0.374, 0.227, 0.258, 0.195, 0.200, 0.269, 0.230, 0.227, 0.268, 0.211, 0.208, 0.234, 0.362, 0.313, 0.299, 0.232, 0.235, 0.225, 0.301, 0.219, 0.259, 0.241, 0.262, 0.205, 0.244, 0.090, 0.090, 0.074, 0.058, 0.077, 0.070, 0.090, 0.060, 0.067, 0.062, 0.072, 0.068, 0.090, 0.058, 0.074, 0.062, 0.069, 0.072, 0.061, 0.068, 0.086, 0.085, 0.076, 0.081, 0.059, 
1, 500, 2, 5, 1, 0.224, 0.218, 0.217, 0.217, 0.253, 0.218, 0.216, 0.217, 0.217, 0.218, 0.216, 0.217, 0.217, 0.217, 0.217, 0.217, 0.219, 0.210, 0.209, 0.210, 0.209, 0.210, 0.210, 0.210, 0.210, 0.305, 0.257, 0.292, 0.194, 0.201, 0.217, 0.202, 0.289, 0.273, 0.328, 0.261, 0.309, 0.190, 0.189, 0.217, 0.251, 0.238, 0.367, 0.248, 0.256, 0.200, 0.194, 0.186, 0.208, 0.297, 1.030, 0.855, 0.925, 0.839, 0.920, 0.773, 0.878, 0.861, 0.887, 0.776, 0.809, 0.780, 0.804, 0.924, 0.802, 0.895, 0.970, 0.913, 1.083, 1.014, 1.055, 1.037, 0.843, 0.893, 0.830, 0.424, 0.378, 0.328, 0.266, 0.335, 0.307, 0.325, 0.313, 0.336, 0.371, 0.358, 0.319, 0.323, 0.318, 0.375, 0.339, 0.323, 0.333, 0.338, 0.323, 0.322, 0.348, 0.361, 0.320, 0.371, 
500, 1, 1, 1, 1, 0.031, 0.025, 0.025, 0.024, 0.024, 0.025, 0.024, 0.024, 0.025, 0.025, 0.024, 0.024, 0.024, 0.024, 0.024, 0.024, 0.025, 0.024, 0.025, 0.025, 0.024, 0.024, 0.025, 0.024, 0.024, 0.079, 0.069, 0.065, 0.052, 0.065, 0.046, 0.045, 0.045, 0.045, 0.045, 0.045, 0.045, 0.045, 0.045, 0.064, 0.060, 0.049, 0.046, 0.045, 0.045, 0.045, 0.045, 0.045, 0.045, 0.045, 0.078, 0.029, 0.026, 0.028, 0.032, 0.035, 0.027, 0.028, 0.027, 0.028, 0.026, 0.028, 0.026, 0.027, 0.026, 0.028, 0.026, 0.027, 0.025, 0.028, 0.027, 0.028, 0.026, 0.028, 0.026, 0.039, 0.047, 0.040, 0.039, 0.032, 0.041, 0.043, 0.041, 0.041, 0.041, 0.042, 0.041, 0.041, 0.042, 0.041, 0.042, 0.041, 0.041, 0.041, 0.042, 0.041, 0.040, 0.042, 0.041, 0.040, 
500, 1, 1, 5, 1, 0.120, 0.114, 0.113, 0.113, 0.114, 0.114, 0.113, 0.113, 0.114, 0.114, 0.113, 0.113, 0.114, 0.113, 0.113, 0.114, 0.114, 0.114, 0.113, 0.114, 0.113, 0.114, 0.114, 0.114, 0.113, 0.151, 0.166, 0.149, 0.148, 0.142, 0.139, 0.139, 0.139, 0.139, 0.139, 0.139, 0.141, 0.144, 0.140, 0.139, 0.139, 0.138, 0.139, 0.139, 0.138, 0.138, 0.141, 0.146, 0.140, 0.141, 0.201, 0.118, 0.118, 0.116, 0.118, 0.129, 0.110, 0.109, 0.220, 0.205, 0.149, 0.140, 0.117, 0.118, 0.116, 0.118, 0.162, 0.153, 0.121, 0.117, 0.119, 0.124, 0.115, 0.116, 0.116, 0.207, 0.189, 0.191, 0.187, 0.198, 0.203, 0.198, 0.194, 0.195, 0.191, 0.192, 0.190, 0.196, 0.195, 0.191, 0.189, 0.195, 0.194, 0.186, 0.191, 0.195, 0.195, 0.195, 0.204, 0.201, 
500, 1, 2, 1, 1, 0.030, 0.025, 0.025, 0.024, 0.024, 0.024, 0.025, 0.024, 0.025, 0.024, 0.025, 0.024, 0.025, 0.024, 0.025, 0.024, 0.025, 0.024, 0.024, 0.024, 0.024, 0.024, 0.025, 0.025, 0.024, 0.083, 0.064, 0.054, 0.049, 0.046, 0.046, 0.046, 0.045, 0.046, 0.045, 0.045, 0.045, 0.045, 0.046, 0.045, 0.045, 0.045, 0.045, 0.045, 0.045, 0.045, 0.046, 0.046, 0.045, 0.045, 0.076, 0.028, 0.026, 0.027, 0.026, 0.028, 0.026, 0.027, 0.026, 0.028, 0.026, 0.027, 0.026, 0.027, 0.026, 0.028, 0.026, 0.027, 0.026, 0.027, 0.025, 0.028, 0.026, 0.028, 0.026, 0.091, 0.046, 0.040, 0.043, 0.038, 0.042, 0.041, 0.057, 0.039, 0.040, 0.040, 0.040, 0.041, 0.040, 0.040, 0.041, 0.041, 0.041, 0.040, 0.040, 0.040, 0.040, 0.040, 0.039, 0.040, 
500, 1, 2, 5, 1, 0.121, 0.115, 0.114, 0.113, 0.114, 0.114, 0.114, 0.152, 0.115, 0.113, 0.114, 0.114, 0.113, 0.114, 0.114, 0.113, 0.114, 0.113, 0.113, 0.114, 0.113, 0.113, 0.114, 0.114, 0.113, 0.153, 0.185, 0.155, 0.140, 0.139, 0.139, 0.139, 0.149, 0.148, 0.144, 0.139, 0.139, 0.139, 0.160, 0.140, 0.140, 0.141, 0.139, 0.139, 0.143, 0.144, 0.142, 0.139, 0.138, 0.139, 0.166, 0.119, 0.116, 0.119, 0.116, 0.118, 0.116, 0.118, 0.120, 0.118, 0.131, 0.134, 0.109, 0.159, 0.183, 0.182, 0.149, 0.119, 0.119, 0.119, 0.118, 0.130, 0.114, 0.114, 0.115, 0.223, 0.231, 0.247, 0.214, 0.198, 0.202, 0.199, 0.219, 0.217, 0.241, 0.197, 0.196, 0.201, 0.193, 0.197, 0.194, 0.212, 0.198, 0.198, 0.199, 0.197, 0.193, 0.190, 0.194, 0.188, 
2, 3, 1, 1, 1, 0.006, 0.002, 0.001, 0.001, 0.004, 0.001, 0.001, 0.001, 0.000, 0.001, 0.001, 0.000, 0.001, 0.000, 0.001, 0.000, 0.001, 0.000, 0.001, 0.000, 0.001, 0.000, 0.001, 0.000, 0.001, 0.058, 0.041, 0.056, 0.031, 0.023, 0.033, 0.025, 0.022, 0.022, 0.022, 0.026, 0.021, 0.022, 0.021, 0.021, 0.024, 0.022, 0.025, 0.022, 0.022, 0.021, 0.022, 0.021, 0.022, 0.021, 0.198, 0.080, 0.076, 0.073, 0.078, 0.071, 0.072, 0.069, 0.067, 0.070, 0.066, 0.085, 0.160, 0.118, 0.077, 0.080, 0.069, 0.070, 0.071, 0.067, 0.070, 0.068, 0.071, 0.067, 0.069, 0.008, 0.002, 0.002, 0.002, 0.002, 0.002, 0.002, 0.002, 0.002, 0.002, 0.002, 0.003, 0.002, 0.002, 0.032, 0.003, 0.002, 0.002, 0.032, 0.003, 0.002, 0.007, 0.002, 0.002, 0.002, 
2, 3, 1, 5, 1, 0.008, 0.002, 0.003, 0.002, 0.002, 0.003, 0.003, 0.002, 0.002, 0.003, 0.003, 0.002, 0.002, 0.003, 0.003, 0.002, 0.002, 0.002, 0.003, 0.003, 0.002, 0.002, 0.003, 0.003, 0.002, 0.059, 0.029, 0.027, 0.050, 0.029, 0.028, 0.027, 0.027, 0.027, 0.027, 0.027, 0.031, 0.038, 0.035, 0.032, 0.030, 0.078, 0.031, 0.030, 0.029, 0.027, 0.027, 0.027, 0.027, 0.032, 0.394, 0.279, 0.256, 0.305, 0.256, 0.259, 0.259, 0.256, 0.281, 0.256, 0.257, 0.255, 0.295, 0.258, 0.251, 0.255, 0.273, 0.262, 0.245, 0.254, 0.298, 0.257, 0.257, 0.289, 0.518, 0.015, 0.006, 0.005, 0.072, 0.006, 0.006, 0.030, 0.006, 0.006, 0.005, 0.006, 0.090, 0.005, 0.006, 0.006, 0.066, 0.007, 0.010, 0.006, 0.006, 0.005, 0.006, 0.005, 0.006, 0.008, 
2, 3, 2, 1, 1, 0.006, 0.001, 0.001, 0.001, 0.003, 0.001, 0.000, 0.001, 0.001, 0.001, 0.001, 0.000, 0.001, 0.000, 0.001, 0.000, 0.001, 0.000, 0.001, 0.000, 0.001, 0.000, 0.001, 0.001, 0.001, 0.090, 0.081, 0.111, 0.044, 0.047, 0.056, 0.047, 0.044, 0.043, 0.048, 0.047, 0.044, 0.045, 0.044, 0.043, 0.043, 0.041, 0.041, 0.043, 0.042, 0.042, 0.040, 0.041, 0.042, 0.040, 0.162, 0.074, 0.069, 0.066, 0.073, 0.116, 0.092, 0.068, 0.076, 0.072, 0.070, 0.069, 0.064, 0.073, 0.079, 0.070, 0.069, 0.085, 0.075, 0.079, 0.069, 0.068, 0.073, 0.066, 0.070, 0.008, 0.004, 0.004, 0.004, 0.003, 0.003, 0.004, 0.003, 0.004, 0.039, 0.003, 0.002, 0.002, 0.023, 0.009, 0.004, 0.003, 0.003, 0.004, 0.003, 0.003, 0.003, 0.029, 0.003, 0.003, 
2, 3, 2, 5, 1, 0.010, 0.003, 0.002, 0.003, 0.003, 0.003, 0.002, 0.003, 0.003, 0.002, 0.003, 0.003, 0.002, 0.002, 0.003, 0.002, 0.002, 0.002, 0.003, 0.003, 0.002, 0.002, 0.003, 0.003, 0.002, 0.100, 0.081, 0.100, 0.076, 0.088, 0.077, 0.079, 0.080, 0.074, 0.074, 0.089, 0.079, 0.072, 0.082, 0.078, 0.079, 0.075, 0.072, 0.072, 0.071, 0.074, 0.073, 0.072, 0.083, 0.076, 0.352, 0.258, 0.291, 0.267, 0.261, 0.262, 0.289, 0.254, 0.255, 0.243, 0.258, 0.274, 0.258, 0.274, 0.264, 0.261, 0.258, 0.258, 0.384, 0.313, 0.290, 0.285, 0.261, 0.262, 0.263, 0.012, 0.012, 0.008, 0.044, 0.017, 0.007, 0.025, 0.044, 0.009, 0.041, 0.008, 0.008, 0.007, 0.007, 0.007, 0.008, 0.026, 0.011, 0.008, 0.019, 0.011, 0.012, 0.008, 0.047, 0.008, 
491, 499, 1, 1, 1, 11.553, 11.410, 11.625, 11.501, 11.396, 11.242, 11.279, 11.474, 11.414, 11.177, 11.257, 11.141, 11.233, 11.483, 11.254, 11.292, 11.322, 11.425, 11.358, 11.479, 11.331, 11.702, 11.285, 11.245, 11.421, 11.641, 11.752, 11.554, 11.565, 11.801, 11.830, 11.909, 11.646, 11.665, 11.578, 11.642, 11.695, 11.690, 11.724, 11.767, 12.015, 11.547, 11.697, 11.744, 11.795, 11.704, 11.775, 11.617, 11.656, 12.108, 3.705, 3.421, 3.247, 3.296, 3.370, 3.951, 3.205, 3.197, 3.358, 3.182, 3.429, 3.102, 3.225, 3.346, 3.207, 3.320, 3.739, 3.222, 3.323, 3.201, 3.166, 3.216, 3.706, 3.172, 3.273, 18.389, 18.937, 18.497, 18.893, 18.834, 18.917, 18.979, 19.155, 19.162, 19.009, 19.916, 20.707, 20.692, 19.928, 19.896, 19.271, 19.638, 19.296, 19.194, 20.838, 19.956, 18.815, 18.870, 19.350, 18.689, 
491, 499, 1, 5, 1, 57.675, 57.052, 56.869, 56.678, 56.850, 56.779, 57.678, 57.231, 57.810, 57.696, 57.558, 57.489, 57.344, 58.997, 64.054, 58.877, 59.739, 60.167, 56.680, 58.095, 59.661, 59.402, 56.715, 56.577, 57.579, 59.884, 60.329, 59.191, 60.085, 59.622, 58.476, 60.393, 60.907, 61.212, 58.424, 58.224, 62.810, 58.776, 59.279, 61.740, 60.256, 59.271, 58.691, 58.536, 60.154, 60.445, 58.598, 59.971, 58.922, 59.763, 19.372, 19.160, 20.312, 20.095, 19.078, 19.130, 19.165, 19.556, 19.702, 17.331, 17.970, 18.615, 17.574, 19.966, 17.612, 16.765, 17.371, 17.438, 17.569, 16.677, 17.348, 17.560, 17.069, 17.769, 17.553, 98.276, 97.676, 96.285, 98.127, 96.733, 96.978, 97.386, 97.089, 96.820, 97.063, 98.423, 95.091, 98.448, 100.230, 98.355, 102.273, 107.157, 103.024, 97.963, 97.389, 102.941, 107.739, 109.471, 105.968, 115.136, 
491, 499, 2, 1, 1, 12.647, 11.326, 11.795, 11.774, 11.302, 11.355, 11.197, 12.391, 13.367, 12.380, 11.368, 11.283, 11.323, 11.417, 11.231, 13.122, 11.137, 12.238, 11.469, 11.809, 11.236, 11.173, 11.182, 11.965, 11.901, 6.084, 6.874, 6.077, 6.060, 6.525, 6.262, 6.455, 6.400, 6.225, 5.944, 6.086, 5.933, 6.329, 5.915, 6.073, 5.920, 5.981, 5.931, 6.098, 5.937, 6.582, 5.927, 5.965, 5.912, 6.109, 3.495, 3.193, 3.844, 3.214, 3.212, 3.459, 3.222, 3.195, 4.131, 3.191, 3.233, 3.320, 3.212, 3.345, 3.735, 3.211, 3.124, 3.359, 4.119, 3.352, 3.464, 3.154, 3.459, 3.185, 3.278, 10.010, 9.648, 9.567, 9.880, 9.674, 10.914, 11.047, 10.962, 10.421, 10.202, 10.193, 10.014, 10.274, 10.382, 9.817, 10.199, 10.351, 10.227, 10.521, 10.020, 10.116, 9.704, 9.407, 9.873, 10.941, 
491, 499, 2, 5, 1, 57.610, 60.987, 58.367, 56.134, 62.657, 59.222, 62.051, 57.277, 59.617, 59.150, 57.560, 58.462, 60.613, 59.037, 57.375, 58.271, 58.885, 61.408, 58.196, 57.572, 60.333, 62.692, 57.357, 62.343, 59.318, 29.986, 29.751, 30.926, 30.916, 31.087, 30.473, 30.501, 32.113, 30.815, 29.924, 30.155, 30.837, 30.321, 30.674, 30.103, 30.924, 31.145, 30.837, 30.477, 30.346, 30.445, 30.359, 30.176, 29.942, 29.576, 17.922, 19.366, 19.546, 19.290, 20.969, 23.582, 21.320, 22.801, 26.371, 28.756, 32.481, 31.507, 19.988, 22.034, 19.317, 15.982, 28.394, 33.914, 30.116, 26.076, 20.900, 15.538, 21.412, 24.893, 22.404, 51.078, 62.492, 53.509, 53.742, 55.472, 55.473, 52.771, 51.180, 52.881, 54.163, 65.383, 62.140, 55.349, 54.989, 51.628, 50.909, 50.798, 52.436, 52.774, 51.441, 52.239, 48.581, 49.495, 51.130, 52.954, 
1, 1, 1, 1, 1, 0.006, 0.001, 0.000, 0.000, 0.000, 0.000, 0.001, 0.001, 0.000, 0.000, 0.000, 0.000, 0.000, 0.000, 0.000, 0.000, 0.000, 0.000, 0.000, 0.000, 0.001, 0.001, 0.000, 0.000, 0.000, 0.045, 0.066, 0.025, 0.034, 0.037, 0.025, 0.029, 0.047, 0.025, 0.028, 0.026, 0.023, 0.022, 0.024, 0.022, 0.021, 0.021, 0.021, 0.021, 0.020, 0.021, 0.020, 0.021, 0.021, 0.020, 0.454, 0.002, 0.002, 0.002, 0.001, 0.002, 0.001, 0.002, 0.001, 0.002, 0.001, 0.005, 0.002, 0.001, 0.002, 0.001, 0.002, 0.001, 0.002, 0.001, 0.002, 0.001, 0.002, 0.002, 0.001, 0.007, 0.002, 0.001, 0.002, 0.001, 0.002, 0.002, 0.001, 0.001, 0.001, 0.002, 0.002, 0.001, 0.002, 0.001, 0.001, 0.002, 0.001, 0.002, 0.002, 0.002, 0.001, 0.002, 0.002, 0.002, 
1, 1, 1, 8, 1, 0.008, 0.002, 0.001, 0.002, 0.002, 0.002, 0.001, 0.002, 0.002, 0.002, 0.002, 0.002, 0.002, 0.001, 0.002, 0.002, 0.002, 0.002, 0.002, 0.002, 0.002, 0.002, 0.002, 0.002, 0.002, 0.059, 0.043, 0.037, 0.053, 0.030, 0.028, 0.028, 0.038, 0.029, 0.028, 0.028, 0.028, 0.044, 0.032, 0.031, 0.028, 0.028, 0.028, 0.028, 0.028, 0.028, 0.028, 0.028, 0.032, 0.029, 0.053, 0.004, 0.003, 0.004, 0.004, 0.004, 0.004, 0.004, 0.003, 0.004, 0.003, 0.004, 0.003, 0.004, 0.003, 0.004, 0.004, 0.004, 0.003, 0.004, 0.003, 0.004, 0.003, 0.004, 0.003, 0.010, 0.005, 0.004, 0.004, 0.004, 0.004, 0.004, 0.004, 0.004, 0.004, 0.004, 0.004, 0.003, 0.004, 0.036, 0.003, 0.004, 0.004, 0.005, 0.004, 0.004, 0.004, 0.004, 0.004, 0.004, 
1, 1, 1, 16, 1, 0.032, 0.003, 0.004, 0.004, 0.004, 0.004, 0.004, 0.004, 0.004, 0.004, 0.004, 0.004, 0.003, 0.003, 0.003, 0.005, 0.006, 0.005, 0.004, 0.002, 0.002, 0.002, 0.003, 0.003, 0.003, 0.080, 0.059, 0.084, 0.093, 0.049, 0.052, 0.067, 0.061, 0.069, 0.058, 0.061, 0.067, 0.065, 0.057, 0.061, 0.067, 0.080, 0.059, 0.057, 0.072, 0.071, 0.067, 0.041, 0.049, 0.482, 0.099, 0.012, 0.010, 0.011, 0.008, 0.008, 0.006, 0.006, 0.006, 0.010, 0.010, 0.010, 0.010, 0.010, 0.010, 0.010, 0.011, 0.011, 0.010, 0.010, 0.010, 0.010, 0.011, 0.011, 0.010, 0.014, 0.008, 0.008, 0.007, 0.007, 0.007, 0.007, 0.007, 0.007, 0.007, 0.007, 0.048, 0.006, 0.007, 0.007, 0.007, 0.006, 0.007, 0.007, 0.007, 0.007, 0.030, 0.008, 0.007, 0.044, 
1, 1, 1, 48, 1, 0.017, 0.010, 0.010, 0.010, 0.010, 0.011, 0.011, 0.010, 0.011, 0.010, 0.011, 0.011, 0.010, 0.011, 0.007, 0.006, 0.006, 0.007, 0.007, 0.007, 0.007, 0.007, 0.007, 0.007, 0.007, 0.121, 0.085, 0.099, 0.098, 0.073, 0.073, 0.106, 0.099, 0.095, 0.076, 0.072, 0.078, 0.071, 0.118, 0.070, 0.069, 0.102, 0.076, 0.074, 0.090, 0.082, 0.074, 0.070, 0.070, 0.068, 0.065, 0.015, 0.014, 0.015, 0.014, 0.015, 0.014, 0.014, 0.015, 0.014, 0.015, 0.014, 0.015, 0.014, 0.015, 0.015, 0.015, 0.015, 0.014, 0.015, 0.014, 0.015, 0.015, 0.014, 0.018, 0.020, 0.053, 0.018, 0.038, 0.018, 0.016, 0.019, 0.018, 0.080, 0.018, 0.021, 0.017, 0.024, 0.018, 0.043, 0.019, 0.018, 0.018, 0.019, 0.018, 0.018, 0.018, 0.018, 0.029, 0.081, 
1, 1, 5, 1, 1, 0.007, 0.000, 0.000, 0.000, 0.000, 0.000, 0.000, 0.000, 0.000, 0.000, 0.000, 0.000, 0.000, 0.000, 0.000, 0.000, 0.000, 0.000, 0.000, 0.000, 0.000, 0.000, 0.000, 0.000, 0.000, 0.039, 0.047, 0.035, 0.032, 0.036, 0.027, 0.035, 0.024, 0.052, 0.045, 0.046, 0.029, 0.035, 0.027, 0.024, 0.043, 0.024, 0.028, 0.026, 0.023, 0.034, 0.033, 0.037, 0.043, 0.038, 0.059, 0.003, 0.002, 0.001, 0.002, 0.002, 0.001, 0.002, 0.001, 0.002, 0.001, 0.002, 0.002, 0.002, 0.002, 0.001, 0.005, 0.001, 0.002, 0.002, 0.002, 0.002, 0.002, 0.001, 0.002, 0.008, 0.002, 0.002, 0.002, 0.001, 0.002, 0.002, 0.002, 0.002, 0.002, 0.002, 0.001, 0.002, 0.003, 0.002, 0.002, 0.002, 0.001, 0.001, 0.002, 0.001, 0.001, 0.001, 0.001, 0.002, 
1, 1, 5, 8, 1, 0.007, 0.002, 0.001, 0.001, 0.001, 0.002, 0.001, 0.001, 0.001, 0.002, 0.002, 0.002, 0.002, 0.002, 0.002, 0.002, 0.002, 0.002, 0.002, 0.002, 0.002, 0.001, 0.002, 0.002, 0.002, 0.074, 0.040, 0.043, 0.048, 0.045, 0.060, 0.068, 0.050, 0.059, 0.056, 0.052, 0.068, 0.064, 0.048, 0.051, 0.064, 0.042, 0.045, 0.046, 0.057, 0.034, 0.037, 0.048, 0.053, 0.038, 0.067, 0.004, 0.004, 0.004, 0.004, 0.003, 0.003, 0.004, 0.003, 0.004, 0.004, 0.003, 0.004, 0.003, 0.004, 0.003, 0.004, 0.006, 0.011, 0.005, 0.005, 0.004, 0.003, 0.004, 0.004, 0.013, 0.004, 0.004, 0.004, 0.004, 0.004, 0.004, 0.005, 0.005, 0.004, 0.004, 0.004, 0.004, 0.004, 0.004, 0.004, 0.004, 0.004, 0.004, 0.004, 0.005, 0.004, 0.004, 0.004, 0.004, 
1, 1, 5, 16, 1, 0.008, 0.003, 0.002, 0.003, 0.002, 0.002, 0.002, 0.003, 0.003, 0.003, 0.003, 0.003, 0.003, 0.003, 0.002, 0.003, 0.003, 0.003, 0.003, 0.003, 0.003, 0.002, 0.002, 0.002, 0.002, 0.081, 0.062, 0.046, 0.049, 0.041, 0.038, 0.042, 0.042, 0.040, 0.038, 0.036, 0.038, 0.056, 0.040, 0.041, 0.048, 0.038, 0.042, 0.038, 0.040, 0.038, 0.038, 0.038, 0.038, 0.039, 0.062, 0.007, 0.006, 0.006, 0.006, 0.006, 0.006, 0.005, 0.006, 0.012, 0.006, 0.006, 0.006, 0.006, 0.005, 0.006, 0.006, 0.006, 0.006, 0.005, 0.006, 0.006, 0.006, 0.008, 0.006, 0.012, 0.007, 0.006, 0.007, 0.007, 0.006, 0.007, 0.007, 0.007, 0.007, 0.007, 0.007, 0.008, 0.006, 0.007, 0.006, 0.007, 0.007, 0.007, 0.007, 0.006, 0.007, 0.059, 0.030, 0.007, 
1, 1, 5, 48, 1, 0.018, 0.008, 0.007, 0.006, 0.006, 0.006, 0.007, 0.010, 0.010, 0.009, 0.009, 0.006, 0.006, 0.006, 0.006, 0.006, 0.006, 0.006, 0.007, 0.007, 0.006, 0.006, 0.007, 0.007, 0.007, 0.102, 0.152, 0.083, 0.078, 0.072, 0.075, 0.069, 0.072, 0.069, 0.069, 0.069, 0.072, 0.069, 0.070, 0.073, 0.070, 0.069, 0.069, 0.068, 0.069, 0.068, 0.075, 0.068, 0.072, 0.073, 0.076, 0.015, 0.015, 0.015, 0.015, 0.015, 0.015, 0.014, 0.015, 0.014, 0.015, 0.014, 0.015, 0.014, 0.015, 0.014, 0.014, 0.021, 0.017, 0.015, 0.015, 0.063, 0.015, 0.014, 0.015, 0.019, 0.018, 0.019, 0.018, 0.018, 0.018, 0.064, 0.020, 0.040, 0.045, 0.019, 0.018, 0.051, 0.018, 0.018, 0.069, 0.017, 0.018, 0.017, 0.028, 0.017, 0.066, 0.036, 0.020, 0.017, 
1, 1, 1, 1, 2, 0.007, 0.002, 0.001, 0.001, 0.002, 0.002, 0.001, 0.001, 0.002, 0.001, 0.001, 0.002, 0.001, 0.001, 0.002, 0.001, 0.001, 0.002, 0.001, 0.001, 0.002, 0.002, 0.001, 0.002, 0.002, 0.050, 0.027, 0.046, 0.024, 0.035, 0.024, 0.023, 0.048, 0.041, 0.028, 0.028, 0.028, 0.026, 0.031, 0.040, 0.028, 0.026, 0.022, 0.022, 0.022, 0.022, 0.022, 0.025, 0.023, 0.024, 0.053, 0.004, 0.003, 0.003, 0.002, 0.003, 0.003, 0.003, 0.003, 0.003, 0.003, 0.002, 0.003, 0.003, 0.002, 0.003, 0.003, 0.003, 0.003, 0.003, 0.003, 0.002, 0.003, 0.003, 0.003, 0.008, 0.003, 0.003, 0.003, 0.068, 0.004, 0.004, 0.003, 0.008, 0.004, 0.008, 0.004, 0.003, 0.003, 0.003, 0.004, 0.003, 0.004, 0.004, 0.003, 0.004, 0.004, 0.004, 0.003, 0.003, 
1, 1, 1, 8, 2, 0.025, 0.010, 0.011, 0.010, 0.010, 0.010, 0.010, 0.011, 0.011, 0.010, 0.010, 0.011, 0.011, 0.010, 0.010, 0.010, 0.010, 0.018, 0.017, 0.018, 0.016, 0.017, 0.018, 0.018, 0.018, 0.084, 0.051, 0.066, 0.081, 0.076, 0.056, 0.050, 0.036, 0.065, 0.049, 0.066, 0.049, 0.054, 0.049, 0.041, 0.038, 0.037, 0.039, 0.039, 0.038, 0.037, 0.038, 0.043, 0.037, 0.038, 0.065, 0.013, 0.013, 0.013, 0.012, 0.013, 0.013, 0.013, 0.012, 0.013, 0.013, 0.013, 0.012, 0.013, 0.013, 0.013, 0.013, 0.013, 0.013, 0.012, 0.013, 0.013, 0.013, 0.013, 0.013, 0.022, 0.019, 0.052, 0.021, 0.099, 0.021, 0.022, 0.031, 0.022, 0.045, 0.022, 0.020, 0.066, 0.020, 0.018, 0.020, 0.018, 0.043, 0.020, 0.020, 0.032, 0.019, 0.038, 0.022, 0.042, 
1, 1, 1, 16, 2, 0.026, 0.020, 0.021, 0.021, 0.020, 0.020, 0.021, 0.020, 0.021, 0.020, 0.020, 0.020, 0.020, 0.020, 0.020, 0.020, 0.020, 0.020, 0.020, 0.020, 0.020, 0.020, 0.020, 0.020, 0.020, 0.087, 0.083, 0.081, 0.064, 0.056, 0.055, 0.055, 0.054, 0.058, 0.055, 0.055, 0.055, 0.054, 0.054, 0.054, 0.054, 0.054, 0.054, 0.054, 0.055, 0.054, 0.055, 0.054, 0.054, 0.055, 0.070, 0.025, 0.024, 0.024, 0.024, 0.024, 0.024, 0.024, 0.024, 0.024, 0.024, 0.024, 0.024, 0.024, 0.024, 0.024, 0.025, 0.024, 0.023, 0.025, 0.024, 0.024, 0.024, 0.024, 0.024, 0.037, 0.115, 0.050, 0.054, 0.037, 0.037, 0.070, 0.037, 0.064, 0.055, 0.061, 0.058, 0.037, 0.051, 0.065, 0.055, 0.072, 0.035, 0.037, 0.047, 0.042, 0.037, 0.037, 0.038, 0.050, 
1, 1, 1, 48, 2, 0.066, 0.060, 0.060, 0.060, 0.060, 0.060, 0.060, 0.059, 0.060, 0.060, 0.059, 0.060, 0.059, 0.060, 0.060, 0.060, 0.060, 0.059, 0.060, 0.059, 0.060, 0.060, 0.061, 0.060, 0.060, 0.137, 0.137, 0.135, 0.125, 0.123, 0.123, 0.124, 0.123, 0.130, 0.124, 0.124, 0.126, 0.142, 0.124, 0.124, 0.127, 0.127, 0.124, 0.124, 0.132, 0.125, 0.123, 0.125, 0.185, 0.187, 0.128, 0.069, 0.070, 0.070, 0.069, 0.069, 0.070, 0.069, 0.069, 0.070, 0.069, 0.069, 0.069, 0.069, 0.069, 0.069, 0.069, 0.069, 0.069, 0.069, 0.072, 0.069, 0.070, 0.069, 0.069, 0.360, 0.168, 0.134, 0.127, 0.151, 0.189, 0.126, 0.160, 0.108, 0.160, 0.179, 0.146, 0.130, 0.111, 0.176, 0.109, 0.136, 0.118, 0.125, 0.111, 0.126, 0.113, 0.111, 0.140, 0.134, 
1, 1, 5, 1, 2, 0.007, 0.002, 0.001, 0.001, 0.002, 0.002, 0.001, 0.002, 0.001, 0.002, 0.002, 0.001, 0.001, 0.002, 0.002, 0.001, 0.002, 0.002, 0.002, 0.001, 0.002, 0.002, 0.001, 0.001, 0.002, 0.050, 0.060, 0.026, 0.046, 0.022, 0.023, 0.034, 0.026, 0.024, 0.022, 0.023, 0.022, 0.024, 0.022, 0.022, 0.022, 0.025, 0.024, 0.024, 0.022, 0.022, 0.022, 0.027, 0.024, 0.038, 0.057, 0.003, 0.003, 0.003, 0.002, 0.003, 0.003, 0.002, 0.003, 0.003, 0.003, 0.003, 0.002, 0.006, 0.002, 0.003, 0.003, 0.002, 0.003, 0.002, 0.003, 0.003, 0.003, 0.003, 0.002, 0.009, 0.004, 0.003, 0.004, 0.004, 0.003, 0.003, 0.003, 0.003, 0.004, 0.054, 0.003, 0.003, 0.021, 0.043, 0.038, 0.003, 0.003, 0.003, 0.003, 0.003, 0.003, 0.003, 0.005, 0.004, 
1, 1, 5, 8, 2, 0.016, 0.010, 0.010, 0.010, 0.010, 0.010, 0.011, 0.010, 0.010, 0.010, 0.010, 0.010, 0.010, 0.010, 0.010, 0.010, 0.010, 0.010, 0.010, 0.010, 0.010, 0.010, 0.011, 0.010, 0.010, 0.050, 0.084, 0.051, 0.038, 0.051, 0.048, 0.041, 0.041, 0.041, 0.039, 0.040, 0.037, 0.038, 0.037, 0.037, 0.039, 0.037, 0.039, 0.037, 0.039, 0.037, 0.037, 0.037, 0.041, 0.053, 0.107, 0.013, 0.013, 0.013, 0.013, 0.013, 0.013, 0.016, 0.013, 0.012, 0.013, 0.013, 0.013, 0.013, 0.012, 0.013, 0.013, 0.012, 0.013, 0.013, 0.013, 0.012, 0.013, 0.013, 0.013, 0.019, 0.064, 0.037, 0.020, 0.047, 0.020, 0.042, 0.020, 0.018, 0.019, 0.020, 0.037, 0.021, 0.019, 0.040, 0.020, 0.018, 0.033, 0.065, 0.019, 0.019, 0.020, 0.022, 0.024, 0.038, 
1, 1, 5, 16, 2, 0.027, 0.020, 0.020, 0.020, 0.020, 0.020, 0.020, 0.020, 0.020, 0.021, 0.021, 0.020, 0.020, 0.020, 0.020, 0.020, 0.020, 0.020, 0.020, 0.021, 0.021, 0.020, 0.020, 0.020, 0.020, 0.078, 0.073, 0.069, 0.064, 0.058, 0.055, 0.055, 0.055, 0.055, 0.054, 0.060, 0.057, 0.077, 0.059, 0.065, 0.056, 0.058, 0.057, 0.055, 0.055, 0.055, 0.055, 0.055, 0.055, 0.055, 0.074, 0.024, 0.025, 0.024, 0.024, 0.024, 0.024, 0.024, 0.024, 0.024, 0.024, 0.024, 0.024, 0.024, 0.024, 0.024, 0.024, 0.024, 0.024, 0.024, 0.024, 0.024, 0.024, 0.024, 0.024, 0.037, 0.097, 0.043, 0.061, 0.116, 0.038, 0.083, 0.040, 0.037, 0.059, 0.058, 0.035, 0.040, 0.049, 0.062, 0.035, 0.078, 0.037, 0.038, 0.057, 0.075, 0.036, 0.034, 0.063, 0.078, 
1, 1, 5, 48, 2, 0.065, 0.061, 0.060, 0.059, 0.060, 0.060, 0.060, 0.060, 0.060, 0.060, 0.062, 0.079, 0.086, 0.065, 0.060, 0.059, 0.060, 0.060, 0.060, 0.060, 0.060, 0.059, 0.060, 0.060, 0.059, 0.169, 0.149, 0.134, 0.125, 0.131, 0.133, 0.126, 0.125, 0.127, 0.125, 0.125, 0.125, 0.126, 0.125, 0.125, 0.126, 0.131, 0.127, 0.125, 0.157, 0.130, 0.153, 0.123, 0.136, 0.127, 0.120, 0.070, 0.070, 0.069, 0.069, 0.070, 0.069, 0.070, 0.069, 0.069, 0.069, 0.069, 0.070, 0.070, 0.070, 0.069, 0.070, 0.070, 0.070, 0.069, 0.070, 0.070, 0.078, 0.070, 0.069, 0.228, 0.143, 0.124, 0.186, 0.107, 0.141, 0.119, 0.127, 0.114, 0.120, 0.112, 0.125, 0.150, 0.109, 0.140, 0.156, 0.105, 0.148, 0.111, 0.122, 0.131, 0.141, 0.134, 0.110, 0.104, 
10, 10, 1, 1, 1, 0.012, 0.009, 0.007, 0.006, 0.006, 0.006, 0.006, 0.005, 0.005, 0.005, 0.005, 0.005, 0.005, 0.007, 0.005, 0.005, 0.006, 0.006, 0.006, 0.006, 0.006, 0.005, 0.005, 0.005, 0.006, 0.083, 0.053, 0.052, 0.030, 0.027, 0.027, 0.026, 0.026, 0.026, 0.026, 0.026, 0.037, 0.026, 0.027, 0.027, 0.026, 0.026, 0.027, 0.027, 0.036, 0.026, 0.026, 0.027, 0.026, 0.026, 0.525, 0.487, 1.411, 0.348, 0.290, 0.270, 0.280, 0.278, 0.434, 0.263, 0.973, 0.346, 0.353, 0.265, 0.367, 0.364, 0.348, 0.330, 0.389, 0.394, 0.262, 0.302, 0.375, 0.429, 0.427, 0.019, 0.011, 0.010, 0.011, 0.010, 0.084, 0.061, 0.078, 0.011, 0.010, 0.025, 0.011, 0.010, 0.030, 0.011, 0.011, 0.014, 0.010, 0.010, 0.010, 0.010, 0.009, 0.010, 0.010, 0.010, 
10, 10, 1, 8, 1, 0.048, 0.041, 0.041, 0.041, 0.041, 0.041, 0.041, 0.041, 0.041, 0.041, 0.042, 0.041, 0.041, 0.043, 0.041, 0.041, 0.041, 0.041, 0.041, 0.041, 0.041, 0.042, 0.041, 0.041, 0.042, 0.090, 0.079, 0.069, 0.069, 0.068, 0.094, 0.075, 0.069, 0.108, 0.093, 0.073, 0.085, 0.078, 0.085, 0.078, 0.080, 0.073, 0.074, 0.107, 0.104, 0.082, 0.089, 0.076, 0.075, 0.075, 1.511, 1.461, 1.437, 1.626, 1.468, 1.554, 1.379, 1.818, 1.349, 1.478, 1.500, 1.298, 1.524, 1.389, 1.247, 1.495, 1.298, 1.269, 1.271, 1.720, 1.659, 1.215, 1.233, 1.547, 1.450, 0.967, 0.702, 0.080, 0.075, 0.074, 0.092, 0.073, 0.104, 0.267, 0.077, 0.075, 0.076, 0.086, 0.072, 0.070, 0.073, 0.093, 0.073, 0.090, 0.074, 0.075, 0.072, 0.070, 0.075, 0.076, 
10, 10, 1, 16, 1, 0.122, 0.106, 0.095, 0.127, 0.112, 0.087, 0.082, 0.082, 0.082, 0.082, 0.088, 0.081, 0.088, 0.132, 0.133, 0.088, 0.082, 0.082, 0.082, 0.082, 0.082, 0.082, 0.082, 0.096, 0.132, 0.169, 0.131, 0.169, 0.198, 0.286, 0.249, 0.124, 0.132, 0.205, 0.130, 0.120, 0.172, 0.318, 0.119, 0.117, 0.170, 0.168, 0.174, 0.118, 0.118, 0.182, 0.132, 0.125, 0.118, 0.169, 3.464, 2.585, 2.743, 2.708, 2.855, 2.730, 3.250, 3.012, 2.815, 2.779, 3.016, 2.946, 2.918, 2.580, 3.006, 2.867, 3.432, 2.812, 2.946, 3.111, 3.135, 3.314, 3.406, 2.984, 2.872, 0.274, 0.187, 0.186, 0.184, 0.144, 0.140, 0.140, 0.165, 0.170, 0.156, 0.163, 0.152, 0.147, 0.153, 0.165, 0.148, 0.143, 0.144, 0.154, 0.143, 0.145, 0.168, 0.153, 0.161, 0.154, 
10, 10, 1, 48, 1, 0.246, 0.238, 0.238, 0.280, 0.245, 0.253, 0.250, 0.251, 0.252, 0.245, 0.263, 0.252, 0.245, 0.279, 0.246, 0.245, 0.245, 0.245, 0.401, 0.245, 0.246, 0.246, 0.246, 0.245, 0.245, 0.344, 0.365, 0.461, 0.411, 0.440, 0.371, 0.339, 0.324, 0.323, 0.346, 0.325, 0.396, 0.323, 0.324, 0.323, 0.319, 0.319, 0.319, 0.318, 0.318, 0.369, 0.320, 0.321, 0.320, 0.319, 7.344, 7.943, 7.459, 8.458, 7.724, 8.696, 7.637, 8.166, 7.171, 7.568, 7.385, 7.228, 7.551, 7.150, 8.388, 7.986, 8.920, 8.043, 7.695, 7.968, 8.066, 8.096, 7.717, 7.289, 7.612, 0.671, 0.434, 0.455, 0.448, 0.438, 0.454, 0.416, 0.427, 0.438, 0.427, 0.454, 0.442, 0.422, 0.429, 0.436, 0.425, 0.422, 0.424, 0.420, 0.448, 0.461, 0.489, 0.418, 0.457, 0.431, 
10, 10, 5, 1, 1, 0.010, 0.006, 0.005, 0.005, 0.005, 0.006, 0.005, 0.005, 0.006, 0.005, 0.005, 0.005, 0.005, 0.007, 0.005, 0.006, 0.005, 0.005, 0.005, 0.005, 0.005, 0.005, 0.005, 0.005, 0.005, 0.120, 0.112, 0.110, 0.108, 0.121, 0.106, 0.109, 0.105, 0.089, 0.100, 0.169, 0.109, 0.104, 0.101, 0.112, 0.089, 0.095, 0.095, 0.100, 0.091, 0.115, 0.097, 0.097, 0.108, 0.135, 0.616, 0.242, 0.279, 0.247, 0.245, 0.220, 0.224, 0.201, 0.278, 0.262, 0.230, 0.232, 0.224, 0.243, 0.200, 0.259, 0.307, 0.208, 0.306, 0.249, 0.176, 0.238, 0.246, 0.254, 0.296, 0.017, 0.015, 0.015, 0.015, 0.065, 0.071, 0.040, 0.015, 0.038, 0.031, 0.015, 0.033, 0.015, 0.014, 0.017, 0.014, 0.014, 0.015, 0.014, 0.015, 0.050, 0.015, 0.018, 0.015, 0.015, 
10, 10, 5, 8, 1, 0.047, 0.042, 0.041, 0.041, 0.041, 0.041, 0.041, 0.041, 0.041, 0.041, 0.043, 0.041, 0.041, 0.043, 0.041, 0.041, 0.041, 0.041, 0.041, 0.041, 0.041, 0.041, 0.041, 0.041, 0.041, 0.247, 0.235, 0.212, 0.219, 0.223, 0.197, 0.216, 0.255, 0.200, 0.195, 0.264, 0.244, 0.247, 0.258, 0.255, 0.283, 0.283, 0.226, 0.236, 0.223, 0.270, 0.206, 0.226, 0.237, 0.209, 1.558, 1.241, 1.324, 1.234, 1.212, 1.172, 1.377, 1.540, 1.255, 1.246, 1.262, 1.223, 1.296, 1.385, 1.285, 1.195, 1.276, 1.227, 1.348, 1.243, 1.404, 1.216, 1.235, 1.208, 1.284, 0.207, 0.110, 0.153, 0.130, 0.080, 0.147, 0.156, 0.117, 0.108, 0.102, 0.114, 0.147, 0.127, 0.078, 0.110, 0.105, 0.119, 0.141, 0.109, 0.133, 0.092, 0.106, 0.091, 0.133, 0.092, 
10, 10, 5, 16, 1, 0.090, 0.082, 0.082, 0.082, 0.082, 0.082, 0.082, 0.094, 0.085, 0.085, 0.089, 0.085, 0.084, 0.087, 0.085, 0.084, 0.085, 0.085, 0.098, 0.110, 0.111, 0.110, 0.110, 0.110, 0.110, 0.404, 0.343, 0.327, 0.341, 0.350, 0.348, 0.451, 0.396, 0.402, 0.409, 0.361, 0.313, 0.375, 0.361, 0.331, 0.312, 0.315, 0.303, 0.321, 0.299, 0.320, 0.314, 0.335, 0.324, 0.345, 3.268, 3.005, 3.192, 3.137, 3.524, 2.905, 3.330, 2.522, 2.571, 2.551, 3.379, 2.723, 2.539, 2.439, 2.606, 2.362, 2.598, 2.641, 2.497, 2.638, 2.438, 2.545, 2.941, 2.885, 2.731, 0.400, 0.205, 0.262, 0.215, 0.200, 0.232, 0.231, 0.214, 0.208, 0.213, 0.214, 0.217, 0.267, 0.241, 0.232, 0.293, 0.242, 0.236, 0.245, 0.214, 0.174, 0.242, 0.220, 0.216, 0.215, 
10, 10, 5, 48, 1, 0.272, 0.252, 0.249, 0.248, 0.251, 0.254, 0.251, 0.245, 0.245, 0.255, 0.270, 0.248, 0.245, 0.251, 0.249, 0.262, 0.245, 0.245, 0.246, 0.269, 0.245, 0.245, 0.245, 0.245, 0.246, 1.114, 1.000, 0.821, 0.880, 0.836, 0.838, 0.880, 0.982, 0.941, 0.969, 0.934, 0.987, 0.995, 0.865, 0.895, 0.805, 0.843, 0.886, 0.874, 0.812, 0.855, 0.802, 0.855, 0.903, 0.931, 7.814, 7.432, 8.812, 8.607, 8.194, 7.393, 7.990, 7.319, 7.775, 7.322, 7.729, 7.438, 8.045, 7.964, 7.342, 8.065, 7.287, 8.159, 7.268, 7.997, 7.413, 8.141, 7.397, 7.695, 7.396, 0.820, 0.612, 0.616, 0.642, 0.707, 0.645, 0.756, 0.634, 0.619, 0.612, 0.686, 0.634, 0.677, 0.549, 0.651, 0.660, 0.593, 0.761, 0.645, 0.663, 0.627, 0.717, 0.690, 0.609, 0.643, 
10, 10, 1, 1, 2, 0.123, 0.118, 0.117, 0.117, 0.125, 0.117, 0.118, 0.221, 0.118, 0.125, 0.117, 0.117, 0.117, 0.117, 0.117, 0.117, 0.118, 0.117, 0.117, 0.136, 0.117, 0.116, 0.117, 0.117, 0.116, 0.166, 0.147, 0.145, 0.153, 0.176, 0.146, 0.141, 0.143, 0.152, 0.232, 0.145, 0.143, 0.148, 0.145, 0.140, 0.149, 0.142, 0.139, 0.156, 0.147, 0.142, 0.157, 0.181, 0.149, 0.142, 0.435, 0.338, 0.310, 0.304, 0.330, 0.260, 0.292, 0.261, 0.269, 0.286, 0.291, 0.278, 0.249, 0.301, 0.254, 0.236, 0.257, 0.260, 0.343, 0.245, 0.269, 0.247, 0.246, 0.252, 0.260, 0.209, 0.197, 0.191, 0.185, 0.200, 0.221, 0.220, 0.210, 0.216, 0.191, 0.207, 0.188, 0.196, 0.200, 0.188, 0.197, 0.191, 0.185, 0.205, 0.202, 0.189, 0.196, 0.195, 0.184, 0.195, 
10, 10, 1, 8, 2, 0.951, 0.946, 0.946, 0.939, 0.969, 0.961, 1.025, 1.226, 1.004, 1.001, 0.997, 0.945, 0.946, 0.933, 1.019, 0.942, 0.968, 0.932, 0.936, 0.951, 0.994, 0.933, 0.933, 0.933, 0.943, 1.000, 0.974, 0.987, 0.980, 1.054, 1.002, 0.978, 0.978, 0.976, 0.977, 0.976, 0.990, 0.986, 0.974, 0.991, 0.996, 1.054, 1.038, 0.987, 0.968, 0.976, 0.977, 0.969, 0.976, 0.987, 1.666, 1.523, 1.335, 1.471, 1.549, 1.613, 1.537, 1.567, 1.478, 1.420, 1.407, 1.457, 1.559, 1.622, 1.398, 1.967, 1.911, 1.752, 1.876, 1.537, 1.602, 1.623, 1.522, 1.634, 1.889, 1.552, 1.547, 1.540, 1.517, 1.452, 1.476, 1.461, 1.470, 1.462, 1.471, 1.684, 1.704, 1.698, 1.702, 1.701, 1.698, 1.484, 1.428, 1.417, 1.436, 1.420, 1.515, 1.500, 1.486, 1.504, 
10, 10, 1, 16, 2, 1.872, 1.891, 2.171, 2.457, 2.075, 1.905, 1.992, 2.093, 1.953, 2.172, 2.673, 2.140, 1.887, 1.879, 1.862, 1.862, 1.860, 1.862, 1.977, 2.083, 1.975, 1.863, 1.864, 1.903, 1.847, 2.081, 1.960, 1.968, 1.930, 1.983, 1.912, 1.976, 1.882, 1.910, 1.896, 1.910, 1.909, 1.919, 1.902, 1.908, 1.924, 1.869, 1.874, 1.824, 1.960, 1.971, 1.925, 1.973, 1.919, 1.949, 3.053, 2.978, 3.194, 3.037, 2.766, 2.806, 2.755, 2.959, 3.192, 2.670, 2.639, 2.705, 2.597, 3.111, 2.921, 2.620, 2.815, 2.703, 2.755, 2.758, 3.001, 2.827, 2.620, 2.596, 2.666, 2.928, 2.914, 2.817, 2.800, 2.804, 2.804, 2.872, 2.882, 2.947, 2.819, 2.811, 2.797, 2.936, 2.972, 2.817, 2.839, 2.825, 2.876, 3.075, 2.891, 2.801, 2.800, 2.802, 2.832, 2.939, 
10, 10, 1, 48, 2, 5.822, 5.656, 5.524, 6.164, 6.318, 6.031, 5.450, 7.379, 7.078, 6.463, 5.870, 5.286, 5.679, 5.522, 7.248, 7.183, 5.864, 5.705, 5.605, 5.575, 5.622, 6.746, 6.498, 5.585, 5.622, 5.806, 5.780, 5.602, 6.898, 5.868, 5.614, 5.755, 5.730, 5.977, 5.972, 6.990, 6.061, 6.521, 5.824, 5.687, 6.157, 6.145, 7.399, 5.825, 5.654, 5.743, 5.747, 5.711, 5.709, 6.119, 11.396, 10.685, 9.784, 9.507, 8.411, 8.232, 7.936, 8.311, 7.853, 8.355, 7.945, 8.551, 7.857, 8.332, 8.132, 8.568, 8.030, 7.960, 8.445, 8.203, 8.341, 7.994, 8.135, 8.505, 8.224, 8.701, 8.666, 8.708, 8.550, 8.590, 8.606, 8.662, 8.569, 8.802, 8.556, 8.803, 8.580, 8.792, 8.500, 8.644, 8.492, 8.706, 8.459, 8.637, 8.446, 8.663, 8.488, 8.854, 8.765, 8.703, 
10, 10, 5, 1, 2, 0.130, 0.114, 0.113, 0.143, 0.134, 0.117, 0.117, 0.118, 0.119, 0.117, 0.117, 0.123, 0.113, 0.115, 0.113, 0.113, 0.113, 0.113, 0.113, 0.113, 0.133, 0.125, 0.117, 0.117, 0.129, 0.266, 0.160, 0.187, 0.147, 0.144, 0.162, 0.188, 0.162, 0.158, 0.159, 0.144, 0.158, 0.149, 0.150, 0.135, 0.149, 0.135, 0.161, 0.137, 0.167, 0.155, 0.155, 0.155, 0.148, 0.142, 0.424, 0.249, 0.258, 0.272, 0.258, 0.281, 0.243, 0.273, 0.254, 0.269, 0.216, 0.248, 0.273, 0.246, 0.247, 0.260, 0.228, 0.287, 0.267, 0.267, 0.282, 0.290, 0.312, 0.279, 0.297, 0.199, 0.144, 0.129, 0.156, 0.153, 0.179, 0.138, 0.126, 0.117, 0.116, 0.151, 0.136, 0.119, 0.110, 0.102, 0.129, 0.125, 0.131, 0.098, 0.116, 0.111, 0.110, 0.079, 0.112, 0.112, 
10, 10, 5, 8, 2, 0.938, 0.940, 0.921, 0.902, 0.924, 1.016, 0.931, 0.933, 0.933, 1.314, 0.940, 0.957, 0.955, 1.039, 0.946, 0.885, 0.931, 0.903, 0.922, 0.928, 0.922, 0.974, 0.970, 0.931, 0.935, 0.534, 0.628, 0.586, 0.584, 0.608, 0.593, 0.527, 0.538, 0.566, 0.599, 0.443, 0.440, 0.485, 0.451, 0.517, 0.470, 0.468, 0.435, 0.469, 0.456, 0.478, 0.464, 0.493, 0.446, 0.475, 1.465, 1.616, 1.629, 1.590, 1.504, 1.377, 1.314, 1.479, 1.338, 1.381, 1.436, 1.373, 1.424, 1.544, 1.410, 1.461, 1.455, 1.282, 1.394, 1.356, 1.318, 1.578, 1.591, 1.491, 1.383, 1.432, 1.062, 0.989, 1.018, 1.129, 1.045, 0.823, 0.881, 0.959, 0.960, 0.919, 0.811, 1.027, 0.901, 0.945, 0.904, 1.108, 1.074, 1.070, 1.174, 1.117, 0.924, 0.969, 0.934, 0.986, 
10, 10, 5, 16, 2, 1.905, 1.897, 1.908, 2.036, 1.865, 1.862, 1.865, 1.842, 1.909, 1.924, 1.945, 1.871, 1.863, 1.861, 1.946, 1.863, 1.839, 1.849, 1.847, 1.903, 1.908, 1.861, 1.921, 1.863, 1.867, 0.948, 0.891, 0.812, 1.010, 1.038, 1.048, 1.016, 1.057, 1.040, 0.858, 0.910, 0.853, 0.844, 0.837, 0.872, 0.813, 0.884, 0.830, 0.846, 0.885, 1.083, 1.056, 0.981, 1.052, 1.009, 2.837, 2.518, 2.747, 2.623, 2.811, 3.088, 2.931, 2.603, 2.665, 2.645, 3.024, 3.091, 2.793, 2.680, 2.609, 2.640, 3.001, 3.212, 3.095, 2.842, 2.843, 3.030, 3.179, 3.194, 2.673, 1.893, 1.670, 1.249, 1.223, 2.135, 2.208, 2.191, 1.958, 1.742, 1.720, 1.686, 1.427, 1.554, 1.992, 1.907, 2.028, 1.894, 2.027, 1.591, 1.777, 1.664, 1.590, 1.852, 1.902, 1.924, 
10, 10, 5, 48, 2, 5.653, 5.804, 5.525, 5.653, 5.880, 5.621, 5.679, 5.679, 5.590, 5.550, 5.681, 5.650, 5.632, 5.537, 5.455, 5.484, 5.777, 5.708, 6.283, 5.627, 5.724, 5.684, 5.614, 5.649, 5.655, 4.421, 3.393, 3.255, 3.174, 3.177, 3.010, 3.082, 2.920, 2.758, 3.098, 3.136, 2.903, 2.897, 2.726, 3.099, 3.047, 2.876, 2.920, 2.722, 2.894, 3.023, 3.191, 2.903, 2.799, 2.917, 9.223, 8.705, 8.909, 8.687, 8.960, 10.408, 9.938, 10.079, 9.099, 9.291, 7.938, 8.073, 7.642, 8.775, 7.674, 8.343, 7.747, 8.043, 7.837, 8.351, 7.547, 8.730, 7.754, 8.109, 7.703, 2.895, 5.255, 4.473, 4.869, 3.937, 5.510, 4.349, 4.284, 5.717, 4.929, 4.557, 4.344, 5.427, 4.864, 4.961, 5.498, 4.996, 4.096, 5.292, 5.177, 4.189, 3.248, 5.359, 5.020, 5.029, 
100, 100, 1, 1, 1, 0.483, 0.463, 0.461, 0.461, 0.466, 0.460, 0.461, 0.461, 0.461, 0.501, 0.466, 0.465, 0.467, 0.469, 0.467, 0.470, 0.450, 0.461, 0.461, 0.461, 0.461, 0.487, 0.464, 0.462, 0.562, 0.516, 0.522, 0.511, 0.508, 0.502, 0.520, 0.511, 0.532, 0.511, 0.525, 0.502, 0.503, 0.506, 0.497, 0.509, 0.510, 0.502, 0.509, 0.502, 0.508, 0.502, 0.509, 0.503, 0.502, 0.510, 0.641, 0.392, 0.365, 0.342, 0.446, 0.396, 0.370, 0.379, 0.315, 0.344, 0.337, 0.415, 0.391, 0.313, 0.360, 0.334, 0.385, 0.317, 0.330, 0.330, 0.315, 0.321, 0.376, 0.314, 0.336, 0.763, 0.740, 0.746, 0.731, 0.776, 0.764, 0.763, 0.773, 0.773, 0.767, 0.768, 0.751, 0.733, 0.735, 0.771, 0.732, 0.731, 0.741, 0.737, 0.733, 0.743, 0.754, 0.759, 0.787, 0.758, 
100, 100, 1, 8, 1, 3.677, 3.674, 3.753, 3.696, 3.774, 3.729, 4.907, 4.441, 3.901, 3.751, 3.994, 4.133, 3.730, 3.678, 3.740, 4.036, 3.679, 3.709, 3.646, 3.730, 3.853, 3.684, 3.820, 3.832, 3.703, 4.020, 3.885, 3.946, 3.944, 3.878, 4.112, 4.182, 4.157, 3.914, 3.838, 3.963, 4.111, 3.848, 3.755, 4.273, 3.929, 3.859, 3.835, 3.948, 3.921, 3.845, 3.853, 3.935, 3.842, 3.888, 2.341, 2.039, 2.065, 2.354, 2.392, 2.216, 2.139, 2.137, 2.020, 1.953, 2.088, 2.561, 2.310, 2.175, 2.023, 2.064, 2.040, 2.127, 2.380, 2.405, 2.421, 1.977, 2.041, 2.026, 2.112, 6.302, 5.937, 6.034, 6.090, 5.870, 6.073, 5.965, 5.866, 6.028, 5.965, 5.857, 6.070, 5.894, 5.960, 6.001, 6.298, 6.190, 6.140, 5.932, 6.164, 5.868, 5.948, 6.036, 5.850, 6.049, 
100, 100, 1, 16, 1, 7.341, 7.784, 7.345, 7.365, 7.120, 7.406, 7.712, 7.553, 7.433, 7.365, 8.128, 7.450, 8.234, 8.170, 8.766, 7.491, 7.813, 7.250, 7.566, 7.414, 7.397, 7.389, 7.722, 8.328, 8.575, 7.856, 7.795, 7.994, 7.700, 7.622, 7.665, 7.614, 7.639, 7.712, 7.621, 7.725, 7.649, 7.772, 7.713, 7.710, 7.722, 7.807, 7.636, 7.768, 7.689, 7.742, 7.704, 7.671, 7.627, 7.664, 5.110, 4.061, 3.982, 4.190, 4.241, 4.245, 3.944, 4.450, 4.189, 4.243, 4.013, 4.198, 4.542, 4.091, 4.115, 4.252, 4.491, 4.067, 3.917, 4.416, 4.378, 4.087, 3.996, 4.252, 4.360, 12.415, 12.056, 12.050, 12.173, 12.094, 11.928, 12.135, 12.179, 12.114, 11.988, 12.509, 12.848, 12.418, 12.284, 12.507, 13.101, 13.309, 12.482, 12.360, 12.426, 12.315, 12.230, 12.694, 12.970, 12.769, 
100, 100, 5, 1, 1, 0.467, 0.461, 0.461, 0.461, 0.463, 0.575, 0.564, 0.471, 0.489, 0.472, 0.533, 0.469, 0.462, 0.554, 0.464, 0.463, 0.538, 0.461, 0.482, 0.463, 0.470, 0.462, 0.548, 0.469, 0.463, 0.329, 0.360, 0.315, 0.291, 0.286, 0.285, 0.294, 0.333, 0.349, 0.302, 0.318, 0.286, 0.309, 0.343, 0.310, 0.305, 0.319, 0.323, 0.314, 0.308, 0.330, 0.335, 0.322, 0.321, 0.331, 0.649, 0.500, 0.510, 0.518, 0.552, 0.457, 0.445, 0.489, 0.547, 0.554, 0.551, 0.538, 0.525, 0.551, 0.528, 0.518, 0.558, 0.536, 0.454, 0.492, 0.464, 0.496, 0.396, 0.427, 0.467, 0.386, 0.561, 0.379, 0.397, 0.371, 0.322, 0.346, 0.338, 0.300, 0.277, 0.309, 0.313, 0.415, 0.337, 0.377, 0.398, 0.360, 0.323, 0.355, 0.400, 0.394, 0.403, 0.281, 0.322, 0.308, 
100, 100, 5, 8, 1, 3.649, 3.675, 3.729, 3.716, 3.738, 3.631, 3.751, 3.725, 3.684, 3.766, 3.722, 3.767, 3.708, 3.683, 3.720, 3.788, 3.686, 3.714, 3.568, 3.674, 4.152, 4.964, 4.250, 3.825, 3.778, 1.267, 1.246, 1.370, 1.486, 1.254, 1.237, 1.633, 1.636, 1.514, 1.233, 1.407, 1.184, 1.257, 1.247, 1.325, 1.251, 1.243, 1.535, 1.603, 1.647, 1.446, 1.260, 1.356, 1.360, 1.197, 2.200, 2.230, 2.625, 2.513, 2.041, 2.374, 2.250, 2.015, 2.244, 2.295, 2.459, 2.038, 2.068, 2.048, 2.092, 2.069, 2.342, 2.304, 2.108, 2.121, 2.086, 1.986, 1.973, 2.289, 2.399, 2.440, 2.242, 1.850, 1.650, 1.604, 2.369, 2.479, 2.379, 1.901, 1.765, 1.807, 1.751, 2.647, 2.616, 2.887, 2.628, 2.247, 2.122, 2.229, 2.143, 2.301, 2.581, 2.465, 2.349, 2.129, 
100, 100, 5, 16, 1, 7.470, 7.484, 7.423, 7.923, 9.311, 7.653, 7.508, 7.753, 7.720, 7.355, 7.443, 7.408, 7.723, 7.594, 7.710, 8.045, 7.402, 7.470, 7.523, 7.741, 7.902, 7.726, 7.479, 7.595, 7.396, 2.346, 2.992, 2.773, 2.489, 2.474, 2.432, 2.407, 2.846, 3.101, 2.783, 2.694, 2.285, 2.437, 3.285, 2.763, 2.356, 2.508, 2.247, 2.710, 2.993, 2.821, 2.622, 2.408, 2.438, 2.568, 4.713, 4.099, 3.900, 4.343, 4.576, 4.295, 4.068, 4.552, 4.369, 4.011, 3.956, 4.669, 4.596, 4.192, 3.942, 4.735, 4.169, 4.055, 4.311, 4.904, 3.967, 4.075, 4.378, 4.451, 3.977, 4.266, 5.094, 5.041, 4.340, 4.763, 4.464, 3.794, 3.762, 4.524, 4.557, 3.647, 3.518, 4.368, 4.741, 3.694, 3.414, 3.881, 4.385, 3.793, 3.741, 4.278, 4.496, 3.948, 3.941, 4.023, 
100, 100, 5, 8, 2, 99.791, 94.142, 97.089, 100.147, 98.724, 95.527, 92.935, 92.660, 94.497, 96.056, 92.759, 92.980, 95.382, 96.387, 94.640, 93.616, 96.226, 93.580, 92.450, 98.118, 95.043, 95.361, 92.542, 95.108, 96.234, 27.672, 27.391, 28.169, 27.477, 27.032, 28.161, 29.528, 34.718, 31.944, 33.938, 32.895, 35.198, 34.521, 27.807, 28.152, 27.207, 27.884, 28.097, 28.473, 28.146, 34.252, 33.151, 34.135, 29.667, 27.155, 29.938, 30.400, 29.802, 30.906, 30.328, 28.885, 29.270, 30.284, 30.536, 29.980, 30.024, 30.203, 30.910, 31.892, 30.715, 30.157, 29.251, 29.836, 29.202, 30.122, 30.634, 29.919, 29.833, 30.405, 31.122, 39.267, 37.185, 37.522, 38.597, 39.426, 37.033, 39.556, 38.604, 39.942, 38.047, 38.845, 38.857, 38.992, 39.684, 41.933, 39.763, 39.653, 38.762, 39.486, 38.003, 39.683, 40.672, 39.170, 38.879, 39.247, 
100, 100, 5, 16, 2, 199.841, 192.084, 197.786, 188.800, 185.938, 185.730, 190.032, 189.711, 194.033, 195.117, 190.350, 188.628, 193.065, 186.681, 190.703, 191.879, 196.043, 212.703, 226.502, 204.827, 209.145, 223.260, 198.150, 211.051, 203.430, 73.756, 64.249, 102.284, 168.419, 90.069, 83.825, 79.728, 78.717, 79.920, 74.154, 68.360, 70.277, 58.269, 54.670, 54.443, 55.059, 54.193, 54.381, 53.815, 66.996, 57.494, 56.052, 65.467, 55.952, 55.744, 60.735, 59.514, 61.155, 69.862, 72.846, 68.425, 59.126, 59.356, 60.381, 60.780, 64.456, 59.300, 72.756, 70.597, 62.331, 64.418, 59.788, 61.966, 60.574, 60.707, 74.786, 59.869, 62.291, 61.910, 61.993, 76.877, 76.299, 77.159, 77.125, 80.390, 77.752, 78.279, 79.253, 77.508, 78.099, 77.350, 77.534, 77.235, 78.973, 78.717, 78.573, 78.812, 77.418, 76.758, 77.252, 77.506, 79.571, 76.262, 76.620, 77.805, 
100, 100, 5, 48, 2, 596.474, 580.188, 578.048, 577.469, 575.366, 590.799, 569.719, 581.792, 585.136, 570.241, 584.137, 580.656, 585.927, 712.170, 716.826, 617.599, 584.594, 580.936, 588.891, 581.548, 590.973, 582.123, 589.925, 578.600, 582.374, 161.187, 172.048, 206.150, 229.079, 207.005, 191.336, 168.302, 225.393, 206.696, 205.563, 180.561, 176.553, 177.787, 163.783, 168.975, 169.303, 171.861, 181.576, 171.627, 167.535, 163.939, 176.175, 176.708, 164.089, 196.686, 195.121, 189.232, 206.367, 196.685, 202.361, 207.667, 195.881, 190.431, 215.008, 222.418, 251.186, 282.320, 234.332, 223.980, 224.666, 211.277, 179.618, 238.439, 237.490, 247.869, 228.955, 231.591, 269.323, 248.150, 249.276, 287.032, 289.445, 289.686, 298.621, 300.184, 314.152, 316.698, 355.947, 314.019, 326.506, 301.795, 306.576, 305.808, 305.214, 301.052, 302.403, 303.668, 321.061, 300.095, 294.278, 291.783, 305.778, 307.024, 328.072, 290.243, 
500, 500, 1, 1, 1, 20.055, 20.494, 14.552, 14.686, 14.756, 14.732, 14.380, 15.023, 19.985, 22.179, 20.523, 17.448, 14.326, 14.116, 13.841, 14.469, 14.280, 14.576, 17.016, 14.205, 14.196, 14.055, 13.996, 14.128, 14.449, 15.700, 14.224, 15.954, 14.874, 14.290, 15.903, 20.900, 24.898, 22.385, 22.046, 22.962, 19.886, 19.756, 16.844, 22.599, 24.107, 24.367, 22.409, 17.383, 17.848, 18.663, 17.613, 18.099, 16.182, 22.896, 8.536, 8.407, 7.861, 5.663, 6.520, 6.389, 6.882, 6.127, 7.216, 6.276, 7.159, 6.992, 7.379, 6.218, 7.103, 7.132, 7.670, 6.144, 6.311, 5.600, 5.426, 6.013, 5.538, 5.698, 4.107, 25.788, 26.283, 26.469, 26.093, 83.818, 31.634, 66.164, 33.899, 41.029, 56.148, 36.045, 38.584, 36.826, 31.604, 30.554, 31.616, 32.700, 40.722, 28.228, 26.857, 26.848, 27.185, 27.921, 26.699, 30.046, 
500, 500, 1, 8, 1, 165.645, 158.895, 137.277, 134.085, 153.235, 136.928, 137.061, 130.658, 126.121, 124.015, 121.607, 119.961, 117.972, 112.571, 115.386, 115.383, 109.298, 116.540, 123.068, 107.396, 104.285, 102.986, 104.701, 100.995, 101.323, 106.145, 111.176, 107.541, 104.582, 106.662, 105.187, 103.825, 102.197, 105.027, 109.097, 109.906, 104.676, 104.545, 105.778, 103.501, 105.174, 107.317, 108.891, 108.420, 109.133, 112.118, 111.279, 115.935, 113.414, 113.749, 33.351, 32.911, 34.036, 33.703, 32.909, 32.866, 36.720, 36.722, 39.777, 40.004, 41.234, 41.989, 41.261, 42.823, 44.125, 41.642, 37.899, 40.633, 37.831, 38.121, 37.222, 37.530, 37.547, 37.637, 41.582, 199.066, 200.144, 205.552, 210.626, 222.094, 261.839, 242.319, 225.130, 298.462, 239.432, 241.852, 244.337, 243.169, 247.897, 266.406, 315.632, 252.439, 267.992, 272.799, 274.874, 270.525, 266.254, 264.320, 283.754, 272.034, 
1, 1, 1, 1, 1, 0.009, 0.001, 0.000, 0.001, 0.001, 0.001, 0.000, 0.001, 0.001, 0.001, 0.001, 0.001, 0.000, 0.001, 0.001, 0.001, 0.001, 0.001, 0.001, 0.001, 0.000, 0.000, 0.001, 0.001, 0.001, 0.070, 0.068, 0.066, 0.067, 0.088, 0.043, 0.040, 0.082, 0.065, 0.041, 0.036, 0.046, 0.037, 0.036, 0.034, 0.041, 0.039, 0.037, 0.035, 0.034, 0.035, 0.092, 0.038, 0.035, 0.034, 0.079, 0.004, 0.003, 0.003, 0.002, 0.003, 0.003, 0.003, 0.003, 0.002, 0.002, 0.002, 0.002, 0.002, 0.002, 0.002, 0.002, 0.003, 0.003, 0.003, 0.003, 0.003, 0.003, 0.003, 0.002, 0.011, 0.004, 0.002, 0.003, 0.003, 0.002, 0.003, 0.002, 0.002, 0.002, 0.002, 0.003, 0.003, 0.002, 0.002, 0.002, 0.002, 0.003, 0.002, 0.002, 0.002, 0.002, 0.003, 0.002, 0.002, 
1, 1, 1, 8, 1, 0.011, 0.003, 0.003, 0.002, 0.002, 0.002, 0.003, 0.002, 0.002, 0.002, 0.002, 0.002, 0.002, 0.002, 0.002, 0.002, 0.002, 0.002, 0.002, 0.002, 0.002, 0.002, 0.002, 0.002, 0.002, 0.139, 0.096, 0.115, 0.088, 0.057, 0.056, 0.086, 0.113, 0.087, 0.071, 0.066, 0.094, 0.074, 0.113, 0.097, 0.110, 0.082, 0.077, 0.076, 0.063, 0.059, 0.047, 0.047, 0.054, 0.081, 0.095, 0.007, 0.006, 0.006, 0.005, 0.006, 0.006, 0.005, 0.005, 0.006, 0.006, 0.006, 0.005, 0.006, 0.006, 0.006, 0.006, 0.006, 0.006, 0.006, 0.005, 0.005, 0.005, 0.006, 0.006, 0.014, 0.006, 0.006, 0.006, 0.007, 0.006, 0.007, 0.012, 0.007, 0.006, 0.007, 0.007, 0.007, 0.006, 0.007, 0.007, 0.007, 0.007, 0.006, 0.006, 0.007, 0.007, 0.006, 0.007, 0.006, 
1, 1, 1, 16, 1, 0.013, 0.004, 0.004, 0.004, 0.004, 0.004, 0.004, 0.004, 0.004, 0.004, 0.004, 0.004, 0.004, 0.004, 0.004, 0.004, 0.003, 0.003, 0.003, 0.004, 0.004, 0.004, 0.004, 0.004, 0.004, 0.148, 0.141, 0.098, 0.136, 0.110, 0.101, 0.091, 0.099, 0.111, 0.089, 0.112, 0.107, 0.108, 0.112, 0.084, 0.094, 0.080, 0.109, 0.111, 0.116, 0.128, 0.134, 0.117, 0.097, 0.115, 0.105, 0.010, 0.010, 0.010, 0.010, 0.010, 0.010, 0.010, 0.010, 0.010, 0.009, 0.010, 0.009, 0.009, 0.009, 0.009, 0.009, 0.010, 0.009, 0.013, 0.010, 0.010, 0.010, 0.010, 0.011, 0.024, 0.012, 0.012, 0.012, 0.012, 0.011, 0.011, 0.012, 0.012, 0.012, 0.012, 0.012, 0.012, 0.011, 0.012, 0.011, 0.011, 0.012, 0.011, 0.011, 0.062, 0.012, 0.010, 0.012, 0.012, 
1, 1, 1, 48, 1, 0.021, 0.014, 0.015, 0.011, 0.010, 0.010, 0.011, 0.010, 0.011, 0.010, 0.014, 0.018, 0.015, 0.015, 0.015, 0.014, 0.016, 0.017, 0.016, 0.016, 0.016, 0.015, 0.016, 0.016, 0.016, 0.223, 0.195, 0.193, 0.218, 0.179, 0.154, 0.190, 0.139, 0.195, 0.190, 0.179, 0.178, 0.179, 0.179, 0.178, 0.189, 0.186, 0.179, 0.181, 0.162, 0.171, 0.167, 0.173, 0.239, 0.174, 0.157, 0.036, 0.025, 0.040, 0.044, 0.061, 0.047, 0.025, 0.040, 0.038, 0.059, 0.066, 0.057, 0.045, 0.043, 0.039, 0.109, 0.041, 0.062, 0.064, 0.043, 0.042, 0.054, 0.029, 0.024, 0.049, 0.080, 0.121, 0.060, 0.031, 0.030, 0.030, 0.074, 0.031, 0.062, 0.029, 0.070, 0.061, 0.033, 0.059, 0.032, 0.032, 0.032, 0.095, 0.030, 0.029, 0.057, 0.030, 0.029, 0.029, 
1, 1, 5, 1, 1, 0.013, 0.002, 0.001, 0.002, 0.001, 0.001, 0.001, 0.002, 0.001, 0.001, 0.001, 0.001, 0.001, 0.001, 0.002, 0.001, 0.001, 0.001, 0.001, 0.001, 0.001, 0.001, 0.001, 0.001, 0.001, 0.108, 0.072, 0.084, 0.065, 0.081, 0.077, 0.078, 0.054, 0.092, 0.074, 0.056, 0.056, 0.061, 0.091, 0.063, 0.097, 0.074, 0.080, 0.089, 0.070, 0.059, 0.079, 0.084, 0.080, 0.094, 0.090, 0.006, 0.006, 0.005, 0.004, 0.004, 0.004, 0.005, 0.005, 0.005, 0.023, 0.004, 0.003, 0.003, 0.003, 0.002, 0.003, 0.003, 0.003, 0.003, 0.003, 0.003, 0.002, 0.002, 0.002, 0.016, 0.003, 0.003, 0.003, 0.003, 0.002, 0.003, 0.002, 0.003, 0.002, 0.002, 0.003, 0.003, 0.003, 0.002, 0.003, 0.003, 0.003, 0.002, 0.002, 0.003, 0.002, 0.002, 0.003, 0.002, 
1, 1, 5, 8, 1, 0.015, 0.004, 0.004, 0.003, 0.003, 0.003, 0.003, 0.004, 0.003, 0.003, 0.004, 0.004, 0.004, 0.003, 0.004, 0.004, 0.004, 0.003, 0.004, 0.004, 0.003, 0.004, 0.004, 0.004, 0.004, 0.123, 0.100, 0.088, 0.091, 0.090, 0.076, 0.098, 0.102, 0.069, 0.105, 0.074, 0.095, 0.093, 0.074, 0.093, 0.077, 0.089, 0.072, 0.078, 0.067, 0.094, 0.102, 0.070, 0.097, 0.095, 0.103, 0.007, 0.006, 0.006, 0.005, 0.006, 0.006, 0.005, 0.006, 0.006, 0.006, 0.006, 0.005, 0.006, 0.006, 0.006, 0.006, 0.006, 0.006, 0.006, 0.006, 0.006, 0.006, 0.006, 0.010, 0.036, 0.008, 0.008, 0.007, 0.006, 0.007, 0.007, 0.007, 0.007, 0.006, 0.007, 0.007, 0.007, 0.007, 0.119, 0.008, 0.007, 0.008, 0.007, 0.007, 0.007, 0.007, 0.006, 0.007, 0.007, 
1, 1, 5, 16, 1, 0.018, 0.008, 0.007, 0.006, 0.007, 0.007, 0.005, 0.005, 0.005, 0.004, 0.004, 0.004, 0.004, 0.004, 0.004, 0.004, 0.005, 0.007, 0.006, 0.006, 0.006, 0.006, 0.006, 0.006, 0.006, 0.141, 0.098, 0.096, 0.098, 0.116, 0.095, 0.119, 0.088, 0.103, 0.087, 0.095, 0.086, 0.086, 0.082, 0.091, 0.091, 0.073, 0.087, 0.088, 0.081, 0.105, 0.085, 0.068, 0.067, 0.067, 0.106, 0.010, 0.010, 0.009, 0.010, 0.010, 0.010, 0.009, 0.013, 0.017, 0.016, 0.010, 0.009, 0.009, 0.009, 0.009, 0.009, 0.009, 0.010, 0.010, 0.013, 0.022, 0.016, 0.018, 0.015, 0.021, 0.011, 0.012, 0.011, 0.011, 0.012, 0.012, 0.011, 0.011, 0.011, 0.065, 0.012, 0.011, 0.012, 0.011, 0.012, 0.012, 0.011, 0.011, 0.012, 0.028, 0.011, 0.011, 0.012, 0.017, 
1, 1, 5, 48, 1, 0.026, 0.017, 0.017, 0.015, 0.018, 0.016, 0.014, 0.017, 0.018, 0.015, 0.016, 0.018, 0.017, 0.014, 0.017, 0.018, 0.016, 0.014, 0.018, 0.017, 0.016, 0.016, 0.018, 0.015, 0.015, 0.209, 0.166, 0.184, 0.134, 0.164, 0.180, 0.177, 0.129, 0.178, 0.141, 0.165, 0.155, 0.172, 0.131, 0.120, 0.127, 0.184, 0.123, 0.168, 0.126, 0.128, 0.154, 0.135, 0.166, 0.177, 0.159, 0.044, 0.042, 0.042, 0.042, 0.042, 0.042, 0.042, 0.041, 0.041, 0.041, 0.042, 0.041, 0.042, 0.041, 0.041, 0.040, 0.041, 0.048, 0.041, 0.042, 0.043, 0.042, 0.043, 0.042, 0.033, 0.074, 0.062, 0.048, 0.031, 0.112, 0.032, 0.080, 0.032, 0.030, 0.030, 0.031, 0.060, 0.031, 0.030, 0.032, 0.031, 0.031, 0.032, 0.031, 0.067, 0.031, 0.032, 0.031, 0.032, 
1, 1, 1, 1, 2, 0.013, 0.003, 0.002, 0.002, 0.003, 0.002, 0.003, 0.003, 0.003, 0.002, 0.003, 0.003, 0.002, 0.003, 0.002, 0.002, 0.003, 0.002, 0.002, 0.003, 0.002, 0.002, 0.003, 0.002, 0.003, 0.066, 0.057, 0.068, 0.048, 0.069, 0.095, 0.066, 0.074, 0.062, 0.048, 0.099, 0.052, 0.056, 0.050, 0.073, 0.081, 0.044, 0.060, 0.060, 0.052, 0.054, 0.055, 0.089, 0.067, 0.078, 0.104, 0.006, 0.005, 0.005, 0.005, 0.005, 0.005, 0.005, 0.005, 0.005, 0.005, 0.005, 0.004, 0.004, 0.012, 0.005, 0.005, 0.005, 0.005, 0.005, 0.005, 0.009, 0.004, 0.005, 0.005, 0.012, 0.006, 0.006, 0.007, 0.006, 0.007, 0.007, 0.006, 0.006, 0.006, 0.101, 0.007, 0.006, 0.006, 0.006, 0.007, 0.044, 0.006, 0.006, 0.007, 0.006, 0.006, 0.006, 0.006, 0.007, 
1, 1, 1, 8, 2, 0.038, 0.027, 0.027, 0.029, 0.031, 0.025, 0.034, 0.030, 0.025, 0.025, 0.029, 0.030, 0.026, 0.026, 0.025, 0.030, 0.028, 0.025, 0.025, 0.027, 0.024, 0.028, 0.028, 0.028, 0.029, 0.161, 0.159, 0.156, 1.245, 0.118, 0.107, 0.121, 0.116, 0.115, 0.099, 0.103, 0.081, 0.076, 0.076, 0.075, 0.075, 0.075, 0.074, 0.086, 0.116, 0.102, 0.098, 0.095, 0.089, 0.099, 0.160, 0.038, 0.037, 0.035, 0.034, 0.035, 0.037, 0.036, 0.029, 0.036, 0.040, 0.037, 0.039, 0.037, 0.038, 0.033, 0.034, 0.034, 0.035, 0.035, 0.036, 0.042, 0.038, 0.034, 0.034, 0.039, 0.089, 0.034, 0.063, 0.111, 0.034, 0.097, 0.059, 0.033, 0.031, 0.030, 0.059, 0.033, 0.033, 0.032, 0.032, 0.031, 0.032, 0.033, 0.032, 0.033, 0.032, 0.079, 0.060, 0.060, 
1, 1, 1, 16, 2, 0.041, 0.033, 0.033, 0.033, 0.033, 0.033, 0.033, 0.033, 0.032, 0.032, 0.033, 0.033, 0.033, 0.033, 0.044, 0.033, 0.033, 0.033, 0.033, 0.033, 0.033, 0.033, 0.033, 0.032, 0.055, 0.139, 0.097, 0.148, 0.156, 0.141, 0.145, 0.149, 0.143, 0.141, 0.140, 0.141, 0.141, 0.140, 0.139, 0.139, 0.171, 0.188, 0.103, 0.105, 0.103, 0.102, 0.101, 0.102, 0.101, 0.102, 0.115, 0.040, 0.039, 0.039, 0.040, 0.048, 0.040, 0.040, 0.040, 0.040, 0.040, 0.040, 0.040, 0.039, 0.040, 0.040, 0.040, 0.040, 0.039, 0.040, 0.040, 0.040, 0.040, 0.039, 0.040, 0.149, 0.099, 0.102, 0.063, 0.110, 0.077, 0.098, 0.129, 0.063, 0.066, 0.094, 0.062, 0.061, 0.099, 0.069, 0.068, 0.068, 0.124, 0.073, 0.069, 0.091, 0.058, 0.053, 0.090, 0.085, 
1, 1, 1, 48, 2, 0.107, 0.098, 0.098, 0.098, 0.098, 0.098, 0.097, 0.098, 0.097, 0.097, 0.098, 0.098, 0.098, 0.098, 0.098, 0.098, 0.098, 0.097, 0.098, 0.097, 0.097, 0.161, 0.122, 0.098, 0.097, 0.352, 0.236, 0.220, 0.207, 0.222, 0.223, 0.218, 0.243, 0.323, 0.219, 0.226, 0.214, 0.215, 0.336, 0.337, 0.333, 0.228, 0.211, 0.220, 0.324, 0.234, 0.330, 0.319, 0.240, 0.359, 0.306, 0.114, 0.112, 0.113, 0.128, 0.214, 0.213, 0.212, 0.212, 0.190, 0.113, 0.148, 0.185, 0.191, 0.207, 0.190, 0.204, 0.152, 0.113, 0.117, 0.196, 0.172, 0.210, 0.164, 0.141, 0.292, 0.197, 0.216, 0.299, 0.184, 0.270, 0.277, 0.205, 0.226, 0.298, 0.224, 0.253, 0.231, 0.250, 0.224, 0.256, 0.214, 0.238, 0.193, 0.264, 0.218, 0.186, 0.251, 0.203, 0.216, 
1, 1, 5, 1, 2, 0.012, 0.003, 0.003, 0.003, 0.003, 0.002, 0.002, 0.002, 0.002, 0.003, 0.002, 0.002, 0.003, 0.002, 0.002, 0.003, 0.002, 0.003, 0.003, 0.002, 0.003, 0.002, 0.002, 0.003, 0.003, 0.091, 0.064, 0.070, 0.066, 0.042, 0.118, 0.086, 0.064, 0.051, 0.051, 0.063, 0.045, 0.065, 0.051, 0.048, 0.058, 0.183, 0.268, 0.079, 0.081, 0.056, 0.067, 0.089, 0.070, 0.075, 0.151, 0.009, 0.009, 0.009, 0.008, 0.008, 0.008, 0.030, 0.005, 0.005, 0.005, 0.005, 0.004, 0.004, 0.004, 0.004, 0.004, 0.004, 0.004, 0.004, 0.004, 0.004, 0.005, 0.005, 0.005, 0.013, 0.006, 0.007, 0.087, 0.006, 0.005, 0.005, 0.005, 0.038, 0.007, 0.008, 0.006, 0.006, 0.006, 0.006, 0.068, 0.011, 0.006, 0.007, 0.006, 0.006, 0.007, 0.006, 0.006, 0.006, 
1, 1, 5, 8, 2, 0.042, 0.027, 0.022, 0.017, 0.017, 0.017, 0.017, 0.028, 0.031, 0.031, 0.031, 0.031, 0.032, 0.031, 0.031, 0.031, 0.031, 0.031, 0.033, 0.031, 0.032, 0.031, 0.031, 0.032, 0.031, 0.122, 0.153, 0.193, 0.136, 0.107, 0.108, 0.104, 0.099, 0.104, 0.148, 0.133, 0.080, 0.082, 0.077, 0.077, 0.126, 0.122, 0.085, 0.078, 0.079, 0.074, 0.078, 0.093, 0.076, 0.088, 0.118, 0.021, 0.021, 0.021, 0.022, 0.021, 0.021, 0.021, 0.021, 0.031, 0.026, 0.021, 0.021, 0.021, 0.021, 0.021, 0.021, 0.021, 0.021, 0.021, 0.021, 0.021, 0.021, 0.021, 0.021, 0.047, 0.033, 0.084, 0.066, 0.061, 0.033, 0.048, 0.078, 0.059, 0.033, 0.052, 0.035, 0.063, 0.078, 0.034, 0.030, 0.114, 0.049, 0.080, 0.033, 0.034, 0.060, 0.034, 0.031, 0.032, 
1, 1, 5, 16, 2, 0.067, 0.058, 0.060, 0.046, 0.033, 0.040, 0.046, 0.044, 0.086, 0.061, 0.060, 0.055, 0.058, 0.059, 0.059, 0.052, 0.059, 0.054, 0.053, 0.052, 0.052, 0.054, 0.064, 0.057, 0.057, 0.180, 0.148, 0.107, 0.108, 0.111, 0.106, 0.105, 0.103, 0.103, 0.103, 0.102, 0.102, 0.102, 0.182, 0.109, 0.106, 0.113, 0.104, 0.105, 0.103, 0.130, 0.144, 0.090, 0.154, 0.154, 0.145, 0.070, 0.064, 0.056, 0.054, 0.095, 0.095, 0.075, 0.072, 0.070, 0.070, 0.073, 0.074, 0.071, 0.070, 0.071, 0.069, 0.067, 0.071, 0.073, 0.066, 0.054, 0.046, 0.045, 0.039, 0.079, 0.163, 0.112, 0.067, 0.113, 0.104, 0.068, 0.112, 0.062, 0.068, 0.064, 0.066, 0.069, 0.071, 0.067, 0.067, 0.066, 0.091, 0.105, 0.064, 0.065, 0.064, 0.087, 0.092, 0.068, 
1, 1, 5, 48, 2, 0.211, 0.169, 0.159, 0.163, 0.098, 0.098, 0.098, 0.098, 0.098, 0.098, 0.099, 0.098, 0.098, 0.098, 0.098, 0.098, 0.098, 0.098, 0.098, 0.097, 0.099, 0.097, 0.099, 0.098, 0.099, 0.234, 0.207, 0.235, 0.211, 0.277, 0.252, 0.259, 0.241, 0.294, 0.209, 0.211, 0.241, 0.232, 0.231, 0.201, 0.212, 0.217, 0.217, 0.215, 0.233, 0.202, 0.213, 0.216, 0.228, 0.223, 0.223, 0.160, 0.194, 0.128, 0.113, 0.113, 0.113, 0.123, 0.113, 0.113, 0.113, 0.114, 0.123, 0.112, 0.114, 0.115, 0.114, 0.113, 0.115, 0.113, 0.120, 0.113, 0.113, 0.134, 0.115, 0.381, 0.258, 0.210, 0.299, 0.176, 0.280, 0.183, 0.286, 0.202, 0.207, 0.231, 0.224, 0.320, 0.198, 0.194, 0.229, 0.236, 0.177, 0.182, 0.239, 0.222, 0.239, 0.250, 0.188, 0.243, 
10, 10, 1, 1, 1, 0.017, 0.009, 0.009, 0.009, 0.008, 0.009, 0.009, 0.009, 0.009, 0.009, 0.009, 0.009, 0.009, 0.011, 0.009, 0.008, 0.009, 0.009, 0.008, 0.009, 0.009, 0.009, 0.008, 0.009, 0.009, 0.104, 0.113, 0.099, 0.078, 0.052, 0.061, 0.065, 0.060, 0.060, 0.059, 0.058, 0.058, 0.058, 0.066, 0.062, 0.060, 0.052, 0.064, 0.050, 0.071, 0.078, 0.062, 0.056, 0.051, 0.047, 0.602, 0.368, 0.354, 0.338, 0.416, 0.521, 0.603, 0.399, 0.450, 0.473, 0.550, 0.373, 0.604, 0.594, 0.489, 0.434, 0.356, 0.838, 0.413, 0.383, 0.337, 0.416, 1.625, 0.389, 1.020, 0.030, 0.017, 0.078, 0.059, 0.018, 0.017, 0.052, 0.016, 0.017, 0.036, 0.045, 0.018, 0.019, 0.017, 0.017, 0.020, 0.017, 0.017, 0.016, 0.018, 0.024, 0.017, 0.017, 0.017, 0.030, 
10, 10, 1, 8, 1, 0.134, 0.122, 0.122, 0.122, 0.121, 0.122, 0.122, 0.120, 0.102, 0.105, 0.122, 0.120, 0.073, 0.067, 0.072, 0.066, 0.067, 0.067, 0.131, 0.108, 0.112, 0.115, 0.110, 0.112, 0.068, 0.190, 0.142, 0.190, 0.140, 0.135, 0.133, 0.132, 0.130, 0.129, 0.128, 0.128, 0.128, 0.141, 0.197, 0.161, 0.211, 0.188, 0.134, 0.117, 0.113, 0.163, 0.123, 0.116, 0.138, 0.149, 2.668, 2.203, 4.492, 2.886, 2.732, 3.082, 2.809, 4.403, 3.161, 3.665, 2.935, 3.689, 3.163, 4.329, 3.627, 2.049, 2.194, 2.416, 2.370, 1.997, 2.258, 2.506, 2.309, 1.967, 2.108, 0.263, 0.117, 0.163, 0.185, 0.181, 0.118, 0.119, 0.158, 0.137, 0.133, 0.140, 0.163, 0.133, 0.132, 0.133, 0.140, 0.132, 0.160, 0.137, 0.135, 0.133, 0.134, 0.158, 0.135, 0.161, 
10, 10, 1, 16, 1, 0.145, 0.135, 0.134, 0.134, 0.134, 0.134, 0.134, 0.134, 0.133, 0.134, 0.140, 0.134, 0.134, 0.136, 0.207, 0.231, 0.200, 0.146, 0.182, 0.134, 0.134, 0.134, 0.154, 0.266, 0.138, 0.236, 0.336, 0.334, 0.362, 0.336, 0.234, 0.353, 0.374, 0.347, 0.341, 0.335, 0.213, 0.226, 0.305, 0.318, 0.361, 0.238, 0.333, 0.339, 0.238, 0.351, 0.333, 0.211, 0.246, 0.214, 4.263, 6.614, 4.930, 3.843, 3.743, 6.189, 4.065, 4.282, 4.009, 3.884, 3.991, 4.104, 4.039, 3.839, 4.031, 4.055, 4.563, 4.619, 4.574, 4.308, 4.235, 4.255, 4.089, 4.568, 4.336, 0.393, 0.281, 0.281, 0.261, 0.277, 0.241, 0.294, 0.227, 0.225, 0.239, 0.229, 0.282, 0.241, 0.265, 0.240, 0.254, 0.235, 0.265, 0.239, 0.239, 0.240, 0.224, 0.282, 0.230, 0.241, 
10, 10, 1, 48, 1, 0.639, 0.648, 0.648, 0.635, 0.633, 0.636, 0.633, 0.649, 0.636, 0.634, 0.647, 0.654, 0.627, 0.644, 0.636, 0.655, 0.638, 0.642, 0.537, 0.409, 0.400, 0.401, 0.400, 0.516, 0.659, 0.959, 0.898, 0.938, 0.556, 0.906, 0.862, 0.557, 0.532, 0.532, 0.532, 0.534, 0.525, 0.546, 0.530, 0.531, 0.513, 0.910, 0.981, 0.901, 1.539, 0.980, 0.914, 0.843, 0.825, 0.806, 16.216, 14.924, 15.093, 15.620, 15.093, 15.182, 15.755, 13.075, 11.863, 11.686, 12.009, 12.441, 12.859, 12.369, 12.434, 12.275, 12.164, 12.310, 12.659, 12.584, 12.485, 12.942, 12.665, 13.022, 13.625, 1.006, 0.727, 0.788, 0.707, 0.696, 0.737, 0.702, 0.826, 0.789, 0.686, 0.673, 0.692, 0.700, 0.793, 0.701, 0.763, 0.698, 0.702, 0.690, 0.724, 0.744, 0.829, 0.788, 0.717, 0.785, 
10, 10, 5, 1, 1, 0.018, 0.009, 0.009, 0.008, 0.009, 0.009, 0.008, 0.009, 0.009, 0.008, 0.009, 0.009, 0.009, 0.008, 0.008, 0.009, 0.009, 0.009, 0.009, 0.009, 0.009, 0.009, 0.009, 0.009, 0.009, 0.239, 0.220, 0.153, 0.183, 0.178, 0.182, 0.212, 0.202, 0.233, 0.162, 0.204, 0.235, 0.197, 0.201, 0.178, 0.202, 0.175, 0.237, 0.171, 0.269, 0.211, 0.201, 0.156, 0.176, 0.190, 0.705, 0.339, 0.413, 0.308, 0.373, 0.358, 0.326, 0.309, 0.363, 0.388, 0.417, 0.369, 0.289, 0.341, 0.363, 0.409, 0.431, 0.401, 0.473, 0.335, 0.414, 0.348, 0.376, 0.430, 0.389, 0.028, 0.026, 0.026, 0.085, 0.071, 0.089, 0.024, 0.025, 0.025, 0.077, 0.045, 0.024, 0.025, 0.097, 0.025, 0.051, 0.024, 0.024, 0.032, 0.024, 0.023, 0.024, 0.061, 0.053, 0.025, 
10, 10, 5, 8, 1, 0.077, 0.068, 0.067, 0.067, 0.067, 0.067, 0.067, 0.067, 0.067, 0.067, 0.070, 0.069, 0.068, 0.073, 0.069, 0.070, 0.070, 0.082, 0.104, 0.109, 0.068, 0.068, 0.067, 0.067, 0.067, 0.582, 0.465, 0.439, 0.404, 0.399, 0.379, 0.464, 0.410, 0.484, 0.397, 0.430, 0.470, 0.448, 0.387, 0.400, 0.433, 0.399, 0.398, 0.394, 0.378, 0.393, 0.370, 0.398, 0.404, 0.411, 2.609, 4.142, 2.930, 3.197, 2.306, 2.017, 2.224, 2.618, 3.003, 3.236, 3.183, 3.342, 2.786, 2.994, 2.747, 3.124, 2.707, 2.498, 4.409, 3.251, 3.118, 2.187, 2.223, 2.538, 4.645, 0.275, 0.258, 0.223, 0.162, 0.181, 0.217, 0.150, 0.181, 0.141, 0.228, 0.178, 0.188, 0.159, 0.143, 0.157, 0.175, 0.201, 0.198, 0.175, 0.178, 0.188, 0.178, 0.172, 0.160, 0.200, 
10, 10, 5, 16, 1, 0.143, 0.134, 0.134, 0.134, 0.224, 0.239, 0.235, 0.236, 0.206, 0.139, 0.140, 0.133, 0.134, 0.138, 0.194, 0.186, 0.134, 0.134, 0.134, 0.134, 0.133, 0.145, 0.133, 0.134, 0.133, 0.710, 0.637, 0.633, 0.565, 0.613, 0.629, 0.579, 0.561, 0.585, 0.578, 0.604, 0.575, 0.633, 0.565, 0.628, 0.631, 0.645, 0.541, 0.645, 0.608, 0.548, 0.613, 0.675, 0.591, 0.647, 4.730, 4.267, 4.461, 4.652, 4.290, 4.237, 4.759, 4.428, 3.858, 6.396, 5.262, 4.522, 6.297, 5.868, 4.090, 6.107, 5.217, 4.310, 3.933, 4.057, 4.539, 4.762, 4.243, 4.166, 4.681, 0.597, 0.424, 0.374, 0.303, 0.313, 0.371, 0.348, 0.259, 0.304, 0.291, 0.278, 0.320, 0.315, 0.302, 0.336, 0.294, 0.381, 0.309, 0.317, 0.340, 0.328, 0.303, 0.313, 0.297, 0.284, 
10, 10, 5, 48, 1, 0.547, 0.411, 0.423, 0.405, 0.747, 0.785, 0.721, 0.730, 0.728, 0.569, 0.634, 0.481, 0.450, 0.579, 0.400, 0.510, 0.535, 0.406, 0.402, 0.409, 0.512, 0.408, 0.571, 0.658, 0.715, 1.725, 1.440, 1.525, 1.529, 1.662, 1.613, 1.582, 1.682, 1.590, 1.580, 1.625, 1.353, 1.536, 1.566, 1.476, 1.522, 1.623, 1.535, 1.643, 1.706, 1.521, 1.490, 1.535, 1.443, 1.524, 14.927, 14.448, 17.015, 14.748, 16.525, 14.281, 15.752, 15.455, 15.853, 14.547, 13.308, 13.827, 12.917, 13.991, 13.834, 13.140, 12.649, 13.783, 14.029, 15.501, 13.583, 13.750, 12.263, 12.635, 13.716, 1.406, 0.984, 1.065, 1.104, 0.772, 0.897, 0.873, 1.005, 0.909, 0.973, 0.987, 1.033, 0.967, 1.162, 0.974, 0.949, 1.061, 1.114, 0.987, 1.114, 1.038, 1.055, 1.034, 0.905, 0.978, 
10, 10, 1, 1, 2, 0.198, 0.191, 0.190, 0.191, 0.191, 0.190, 0.190, 0.191, 0.209, 0.254, 0.191, 0.190, 0.199, 0.196, 0.191, 0.191, 0.191, 0.191, 0.191, 0.191, 0.191, 0.233, 0.192, 0.288, 0.224, 0.388, 0.229, 0.259, 0.275, 0.250, 0.264, 0.235, 0.243, 0.232, 0.224, 0.257, 0.244, 0.259, 0.255, 0.304, 0.234, 0.228, 0.225, 0.227, 0.333, 0.242, 0.233, 0.228, 0.226, 0.225, 0.690, 0.416, 0.409, 0.526, 0.385, 0.492, 0.359, 0.488, 0.483, 0.462, 0.459, 0.362, 0.488, 0.362, 0.483, 0.404, 0.436, 0.551, 0.497, 0.463, 0.573, 0.544, 0.464, 0.545, 0.537, 0.345, 0.302, 0.319, 0.319, 0.325, 0.325, 0.321, 0.320, 0.319, 0.325, 0.310, 0.323, 0.313, 0.314, 0.315, 0.321, 0.319, 0.309, 0.320, 0.306, 0.338, 0.314, 0.306, 0.315, 0.305, 
10, 10, 1, 8, 2, 1.597, 1.630, 1.630, 1.799, 1.530, 1.530, 1.675, 1.724, 1.521, 1.520, 1.524, 1.526, 1.597, 1.520, 1.519, 1.519, 1.521, 1.599, 1.531, 1.573, 1.859, 1.521, 1.541, 1.725, 1.519, 1.584, 1.640, 1.587, 1.576, 1.747, 1.599, 1.580, 1.588, 1.587, 1.574, 1.572, 1.591, 1.939, 2.033, 1.726, 1.875, 1.746, 1.599, 1.656, 1.687, 1.587, 1.563, 1.679, 1.913, 1.831, 3.303, 2.983, 2.581, 2.470, 3.199, 3.316, 3.182, 3.303, 3.441, 3.076, 3.339, 3.335, 3.000, 3.080, 3.300, 3.107, 3.054, 3.060, 3.499, 3.397, 3.083, 3.061, 3.254, 3.660, 3.958, 2.947, 2.648, 2.713, 2.447, 2.500, 2.578, 2.611, 2.527, 2.679, 2.487, 2.602, 2.770, 2.794, 2.632, 2.577, 2.565, 2.455, 2.859, 2.662, 2.512, 2.520, 2.576, 2.452, 2.434, 2.530, 
10, 10, 1, 16, 2, 3.104, 3.437, 3.137, 3.142, 3.223, 3.039, 3.040, 3.066, 3.766, 3.302, 3.048, 3.102, 4.000, 4.296, 3.170, 3.174, 3.258, 4.592, 3.576, 3.065, 3.161, 3.045, 3.506, 3.344, 3.097, 3.383, 3.148, 4.835, 4.558, 3.991, 3.952, 4.713, 4.967, 3.576, 4.743, 4.157, 3.294, 3.686, 5.001, 4.765, 3.658, 3.115, 4.335, 4.612, 3.569, 3.130, 3.212, 3.562, 3.529, 3.549, 5.062, 4.438, 4.877, 4.841, 5.070, 4.726, 4.719, 6.638, 4.978, 4.911, 4.554, 4.789, 4.965, 4.508, 4.588, 4.891, 4.887, 4.881, 5.802, 5.542, 4.739, 4.937, 4.870, 4.547, 5.672, 5.486, 5.553, 5.069, 5.073, 4.960, 5.045, 5.036, 4.892, 4.926, 5.640, 4.974, 4.926, 5.094, 5.093, 4.976, 5.184, 5.054, 4.993, 4.965, 5.117, 4.977, 4.810, 5.018, 5.044, 4.938, 
10, 10, 1, 48, 2, 11.220, 9.589, 9.660, 9.821, 10.888, 9.486, 9.412, 9.196, 9.121, 9.226, 9.307, 9.820, 9.396, 9.580, 9.581, 10.299, 9.380, 9.226, 9.147, 9.167, 9.209, 9.207, 9.331, 9.690, 9.315, 12.590, 10.348, 9.510, 9.410, 9.279, 9.437, 9.343, 9.531, 9.328, 9.254, 9.399, 9.296, 9.368, 9.351, 9.263, 9.287, 9.348, 9.416, 9.376, 9.505, 9.488, 11.659, 10.263, 9.288, 9.656, 15.505, 14.201, 15.164, 14.168, 15.025, 14.387, 15.685, 14.142, 13.610, 15.498, 14.320, 16.090, 14.899, 14.818, 16.042, 15.880, 16.082, 16.905, 15.728, 14.114, 13.538, 12.975, 12.442, 12.781, 12.626, 14.424, 14.499, 14.596, 14.626, 15.228, 15.499, 14.776, 14.596, 14.516, 14.677, 14.470, 15.047, 15.068, 14.804, 15.241, 15.087, 14.886, 15.328, 15.016, 16.173, 15.488, 15.384, 15.646, 15.427, 15.603, 
10, 10, 5, 1, 2, 0.199, 0.191, 0.191, 0.191, 0.191, 0.191, 0.269, 0.305, 0.347, 0.359, 0.411, 0.377, 0.334, 0.369, 0.336, 0.339, 0.319, 0.334, 0.325, 0.353, 0.370, 0.339, 0.350, 0.350, 0.374, 0.415, 0.253, 0.335, 0.327, 0.288, 0.330, 0.354, 0.301, 0.320, 0.329, 0.364, 0.267, 0.340, 0.360, 0.321, 0.292, 0.341, 0.313, 0.295, 0.295, 0.276, 0.326, 0.290, 0.360, 0.344, 0.966, 0.509, 0.570, 0.534, 0.548, 0.449, 0.528, 0.660, 0.879, 0.738, 0.630, 0.564, 0.578, 0.543, 0.544, 0.596, 0.610, 0.552, 0.578, 0.641, 0.636, 0.567, 0.561, 0.504, 0.574, 0.794, 0.397, 0.385, 0.393, 0.366, 0.390, 0.370, 0.370, 0.387, 0.619, 0.326, 0.342, 0.303, 0.338, 0.350, 0.335, 0.324, 0.337, 0.365, 0.341, 0.330, 0.314, 0.321, 0.349, 0.358, 
10, 10, 5, 8, 2, 2.325, 1.556, 2.175, 1.709, 2.118, 2.301, 2.491, 2.119, 2.608, 2.337, 2.056, 2.340, 2.363, 2.291, 2.702, 2.523, 1.880, 2.620, 2.195, 1.760, 1.740, 2.223, 2.170, 1.807, 1.543, 1.059, 1.022, 1.032, 1.035, 1.023, 1.024, 0.992, 1.095, 1.035, 0.954, 1.025, 1.061, 1.102, 0.996, 1.109, 1.037, 1.045, 1.037, 1.252, 1.006, 1.125, 1.052, 1.073, 1.148, 1.034, 3.016, 2.834, 2.933, 2.985, 2.828, 2.510, 2.557, 2.736, 2.767, 2.833, 2.777, 2.838, 2.853, 2.768, 2.771, 2.866, 2.880, 2.851, 2.484, 2.592, 2.413, 2.432, 2.553, 2.517, 2.800, 2.154, 1.821, 2.021, 2.741, 2.324, 2.123, 2.086, 1.972, 1.958, 2.177, 2.537, 2.404, 2.268, 2.298, 1.978, 2.173, 1.859, 2.117, 2.300, 2.506, 2.304, 1.902, 2.171, 1.995, 2.105, 
10, 10, 5, 16, 2, 3.167, 3.066, 3.460, 3.589, 3.996, 3.364, 3.218, 3.124, 3.393, 3.816, 3.116, 3.234, 3.238, 4.352, 5.189, 6.423, 4.714, 4.028, 3.397, 7.642, 3.349, 3.040, 3.041, 3.157, 4.855, 1.983, 1.820, 1.841, 1.752, 1.745, 1.734, 1.711, 1.742, 1.993, 1.951, 1.777, 1.740, 1.796, 1.812, 1.895, 1.804, 1.970, 1.778, 1.816, 1.697, 1.785, 1.724, 1.768, 1.829, 1.797, 5.178, 6.798, 9.355, 6.274, 6.345, 6.423, 5.165, 5.793, 9.338, 5.682, 5.315, 7.685, 7.329, 5.496, 5.914, 5.819, 5.056, 7.476, 5.995, 8.161, 5.038, 5.782, 5.502, 5.737, 5.350, 5.731, 5.123, 4.727, 3.952, 4.697, 4.354, 4.115, 4.240, 4.688, 4.345, 3.696, 4.045, 4.036, 4.151, 3.721, 4.508, 4.565, 3.880, 4.383, 4.395, 4.475, 4.421, 4.600, 4.850, 4.959, 
10, 10, 5, 48, 2, 11.322, 11.289, 10.296, 11.185, 9.959, 9.164, 10.061, 10.208, 9.453, 12.939, 10.609, 9.281, 9.880, 9.633, 9.921, 9.142, 9.824, 9.172, 9.236, 9.388, 9.192, 10.155, 9.171, 9.191, 9.220, 4.771, 4.220, 4.122, 4.535, 4.886, 4.381, 4.445, 4.830, 4.923, 5.296, 5.327, 5.089, 5.029, 5.243, 5.227, 5.334, 5.092, 5.171, 5.016, 5.332, 5.815, 5.420, 5.232, 5.051, 5.272, 17.327, 18.242, 18.505, 15.551, 13.900, 16.541, 15.855, 18.515, 16.204, 15.645, 15.990, 14.531, 13.694, 14.523, 13.723, 14.247, 14.479, 14.247, 14.253, 16.001, 15.400, 15.911, 16.196, 15.539, 13.911, 9.701, 10.153, 9.034, 10.068, 10.297, 9.793, 10.499, 11.112, 9.822, 9.757, 9.782, 8.781, 9.095, 10.107, 10.517, 10.782, 10.839, 10.744, 9.550, 10.367, 9.715, 10.245, 10.131, 11.155, 10.156, 
100, 100, 1, 1, 1, 0.763, 0.752, 0.754, 0.772, 1.036, 0.844, 0.756, 0.753, 0.765, 0.772, 0.752, 0.755, 0.781, 0.875, 0.778, 0.766, 0.776, 0.768, 0.757, 0.796, 0.945, 0.898, 0.833, 0.753, 0.804, 0.834, 0.834, 0.877, 0.832, 0.822, 0.839, 0.829, 0.899, 1.177, 0.853, 0.835, 0.822, 0.830, 0.829, 0.887, 0.816, 0.869, 0.842, 0.823, 0.811, 0.823, 0.839, 0.819, 0.833, 0.831, 0.857, 0.638, 0.609, 0.702, 0.680, 0.716, 0.691, 0.733, 0.863, 0.685, 0.586, 0.549, 0.579, 0.564, 0.614, 0.617, 0.564, 0.517, 0.502, 0.569, 0.710, 0.740, 0.583, 0.566, 0.559, 1.323, 1.290, 1.305, 1.232, 1.249, 1.258, 1.247, 1.270, 1.289, 1.296, 1.305, 1.311, 1.281, 1.269, 1.272, 1.300, 1.302, 1.297, 1.263, 1.359, 1.365, 1.354, 1.336, 1.329, 1.327, 
100, 100, 1, 8, 1, 9.281, 7.154, 7.496, 6.447, 6.335, 6.265, 6.648, 6.809, 6.248, 6.043, 7.699, 6.708, 6.564, 6.135, 7.114, 6.158, 6.416, 6.815, 6.135, 6.200, 6.034, 9.281, 7.551, 6.406, 6.975, 7.173, 9.490, 7.208, 6.811, 6.935, 6.982, 6.512, 7.344, 6.616, 6.497, 6.403, 6.248, 6.498, 6.310, 6.336, 6.336, 6.246, 6.409, 6.464, 6.340, 6.379, 6.257, 6.377, 6.340, 6.252, 4.729, 4.239, 3.712, 4.110, 4.137, 4.637, 3.841, 4.237, 4.621, 3.513, 3.624, 3.440, 4.359, 3.786, 3.403, 3.442, 3.814, 3.861, 3.623, 3.313, 3.718, 3.909, 3.657, 3.344, 3.546, 10.503, 10.152, 10.387, 10.695, 10.328, 10.309, 10.596, 10.368, 10.742, 10.741, 10.581, 10.219, 10.135, 10.100, 10.338, 10.016, 10.215, 10.453, 10.059, 10.152, 10.242, 10.697, 10.548, 10.969, 11.012, 
100, 100, 1, 16, 1, 12.719, 12.619, 13.922, 14.060, 13.352, 12.330, 13.961, 12.662, 12.823, 13.937, 13.627, 15.657, 13.129, 12.478, 14.567, 12.989, 12.272, 12.139, 12.281, 12.233, 12.408, 12.256, 12.112, 12.308, 12.493, 12.698, 13.585, 13.410, 12.819, 12.807, 12.753, 12.935, 13.766, 13.024, 12.722, 12.748, 12.910, 12.833, 12.739, 12.617, 12.737, 12.717, 12.671, 12.647, 12.762, 12.621, 13.192, 15.129, 13.234, 12.897, 8.255, 9.321, 9.115, 8.428, 8.780, 11.531, 9.586, 9.785, 11.452, 9.263, 9.536, 9.821, 9.472, 9.328, 9.139, 12.062, 8.998, 8.897, 8.981, 9.524, 9.819, 10.693, 8.696, 9.051, 10.161, 20.635, 20.758, 21.155, 20.534, 20.644, 21.075, 20.043, 20.801, 20.879, 20.870, 21.324, 20.750, 21.299, 21.492, 20.633, 21.091, 20.494, 20.178, 20.570, 21.017, 21.222, 21.865, 21.610, 21.693, 22.630, 
100, 100, 1, 48, 1, 51.385, 43.225, 39.607, 44.072, 39.677, 38.931, 45.499, 40.082, 36.428, 36.712, 36.658, 36.854, 36.446, 36.694, 36.478, 36.465, 36.563, 37.865, 42.406, 41.657, 41.302, 38.020, 36.657, 36.749, 37.193, 38.575, 38.206, 38.100, 38.009, 37.894, 38.239, 37.792, 37.075, 38.816, 36.646, 35.766, 36.259, 35.928, 36.093, 36.087, 35.799, 36.193, 35.777, 35.951, 36.168, 39.604, 40.536, 39.126, 38.892, 38.334, 27.984, 33.014, 26.391, 24.978, 23.333, 24.298, 23.442, 23.477, 26.621, 27.393, 27.207, 27.588, 25.508, 27.812, 23.626, 22.509, 22.891, 23.586, 22.684, 21.169, 22.475, 21.908, 21.055, 22.842, 22.851, 61.088, 60.010, 59.042, 58.718, 58.359, 57.833, 60.052, 58.888, 59.182, 58.924, 58.438, 59.042, 57.517, 55.680, 55.497, 56.821, 57.810, 55.777, 56.000, 56.135, 55.677, 55.659, 56.531, 54.952, 56.699, 
100, 100, 5, 1, 1, 0.689, 0.811, 0.682, 0.683, 0.824, 0.683, 0.689, 0.689, 0.805, 0.686, 0.729, 0.702, 0.840, 1.038, 1.175, 1.153, 0.965, 0.788, 1.008, 0.691, 1.145, 1.203, 1.027, 0.964, 0.787, 0.478, 0.539, 0.516, 0.562, 0.482, 0.481, 0.452, 0.458, 0.631, 0.563, 0.473, 0.512, 0.472, 0.469, 0.479, 0.492, 0.639, 0.444, 0.445, 0.480, 0.591, 0.463, 0.480, 0.474, 0.500, 1.025, 0.768, 0.829, 0.700, 0.738, 0.877, 0.796, 0.827, 0.696, 0.691, 0.746, 0.690, 0.811, 0.733, 0.691, 0.788, 0.734, 0.662, 0.693, 0.845, 0.712, 0.628, 0.762, 0.862, 0.628, 0.745, 0.917, 0.757, 0.828, 0.739, 0.603, 0.558, 0.404, 0.490, 0.399, 0.452, 0.603, 0.587, 0.459, 0.460, 0.487, 0.595, 0.616, 0.602, 0.612, 0.708, 0.513, 0.434, 0.552, 0.607, 
100, 100, 5, 8, 1, 5.607, 5.628, 5.441, 5.578, 5.658, 5.533, 5.503, 5.522, 5.504, 5.449, 5.751, 5.508, 6.010, 5.658, 5.561, 6.230, 5.562, 7.137, 5.784, 5.519, 5.841, 5.816, 6.670, 6.599, 5.884, 2.524, 2.587, 2.577, 2.607, 2.512, 2.576, 2.710, 2.391, 2.510, 2.552, 2.475, 2.199, 2.032, 2.236, 2.644, 2.452, 2.291, 2.445, 2.546, 2.464, 2.386, 2.330, 2.466, 2.295, 2.504, 4.243, 3.729, 3.702, 3.877, 2.942, 2.959, 3.088, 3.038, 3.187, 3.096, 3.219, 3.260, 3.048, 3.382, 3.414, 3.254, 3.048, 2.997, 3.400, 3.375, 2.977, 3.116, 3.010, 3.271, 3.147, 3.422, 3.735, 3.837, 3.403, 3.071, 3.680, 4.324, 3.376, 3.694, 3.981, 3.234, 3.848, 3.721, 4.008, 3.832, 3.803, 4.875, 4.702, 4.038, 4.856, 4.228, 4.332, 3.870, 3.890, 3.800, 
100, 100, 5, 16, 1, 12.600, 11.072, 10.956, 11.290, 11.028, 11.082, 11.207, 11.389, 10.944, 10.912, 10.901, 11.185, 11.222, 12.955, 11.126, 12.016, 11.244, 11.155, 11.081, 11.099, 11.474, 11.055, 11.586, 11.463, 11.044, 5.124, 5.008, 4.877, 4.835, 4.453, 3.709, 3.776, 4.687, 5.481, 4.753, 5.037, 4.957, 5.033, 4.876, 4.951, 5.487, 5.088, 4.056, 4.501, 3.640, 4.628, 3.684, 3.686, 3.613, 5.219, 6.422, 6.378, 7.828, 6.751, 6.852, 5.943, 7.691, 6.326, 7.458, 7.631, 6.580, 7.526, 7.138, 7.303, 6.961, 8.042, 7.451, 8.768, 8.251, 6.822, 7.113, 6.579, 7.578, 7.146, 8.936, 7.650, 7.912, 7.200, 7.623, 6.411, 6.732, 7.068, 7.490, 7.817, 6.583, 7.136, 6.763, 6.767, 7.144, 6.921, 7.376, 6.989, 6.920, 6.648, 6.962, 6.950, 6.430, 7.210, 6.825, 6.500, 
100, 100, 5, 48, 1, 33.364, 32.616, 31.746, 31.516, 32.982, 32.049, 34.617, 33.337, 32.766, 33.206, 34.919, 33.272, 32.176, 31.812, 31.566, 31.701, 31.688, 31.787, 31.416, 31.653, 31.982, 31.696, 31.572, 31.760, 31.603, 12.167, 14.744, 15.541, 14.655, 14.728, 14.747, 14.591, 15.238, 13.917, 13.625, 14.031, 13.837, 13.379, 14.352, 14.813, 15.992, 14.500, 15.554, 14.324, 14.569, 14.202, 13.536, 13.194, 13.288, 12.747, 21.570, 20.123, 20.466, 20.752, 20.750, 20.384, 20.381, 21.101, 20.874, 20.470, 21.417, 21.682, 20.490, 20.533, 27.336, 29.293, 27.860, 23.396, 19.712, 19.405, 20.305, 20.136, 20.619, 20.860, 20.013, 20.314, 21.250, 20.677, 19.667, 19.915, 23.632, 20.984, 20.895, 19.033, 19.196, 19.851, 19.132, 20.114, 19.939, 20.497, 20.393, 20.693, 20.519, 21.180, 20.688, 23.846, 25.900, 22.543, 21.310, 19.965, 
100, 100, 1, 1, 2, 17.229, 21.380, 18.699, 16.905, 16.471, 16.565, 16.899, 17.270, 17.104, 16.463, 16.486, 16.557, 16.817, 16.636, 16.690, 16.460, 16.469, 16.764, 16.460, 16.748, 16.462, 16.598, 16.500, 19.006, 17.490, 18.558, 20.642, 19.235, 17.062, 16.687, 15.838, 16.862, 16.003, 16.115, 15.994, 16.099, 17.098, 16.249, 15.789, 16.541, 16.640, 17.563, 18.219, 17.050, 15.810, 15.789, 15.831, 15.751, 15.846, 15.673, 5.196, 4.896, 5.922, 5.010, 4.980, 5.069, 4.880, 4.937, 5.547, 5.074, 4.908, 5.757, 4.937, 5.148, 4.936, 6.054, 4.866, 4.898, 5.508, 6.045, 6.177, 6.349, 6.246, 7.211, 6.240, 25.246, 23.377, 24.821, 25.522, 25.053, 25.389, 25.808, 25.403, 26.172, 24.615, 24.480, 24.922, 24.937, 24.770, 23.804, 23.622, 24.274, 23.713, 23.663, 23.515, 25.370, 23.552, 24.300, 23.166, 24.667, 
100, 100, 1, 8, 2, 125.540, 122.812, 126.226, 128.708, 131.674, 117.363, 118.036, 120.565, 129.908, 116.676, 111.613, 111.793, 111.532, 107.875, 110.160, 106.988, 103.772, 104.448, 103.156, 101.384, 100.354, 100.538, 99.680, 97.514, 99.589, 96.826, 96.988, 98.417, 99.837, 102.890, 97.044, 96.458, 93.969, 100.084, 94.790, 93.836, 94.022, 94.985, 93.477, 93.990, 93.467, 94.012, 94.291, 94.513, 93.704, 94.294, 94.594, 93.863, 94.382, 93.867, 34.689, 36.772, 35.410, 34.129, 35.144, 35.261, 35.282, 37.946, 36.901, 37.021, 35.861, 35.978, 36.254, 35.892, 37.342, 40.594, 39.307, 39.807, 40.561, 37.229, 36.788, 35.496, 38.434, 36.711, 36.886, 163.971, 167.253, 171.666, 175.322, 179.871, 182.305, 187.442, 186.180, 193.509, 194.096, 195.633, 192.680, 192.131, 189.997, 192.267, 190.955, 198.760, 203.134, 203.050, 204.311, 202.707, 200.064, 204.643, 206.545, 206.594, 
100, 100, 1, 16, 2, 333.311, 254.460, 258.557, 253.817, 249.977, 247.713, 238.292, 284.380, 237.947, 231.812, 224.538, 217.279, 212.588, 206.719, 208.026, 201.243, 200.968, 196.891, 194.149, 193.893, 193.563, 197.604, 194.199, 193.404, 188.108, 187.498, 189.589, 187.721, 188.045, 187.220, 187.720, 187.725, 188.368, 187.206, 187.120, 187.334, 189.030, 188.437, 187.732, 186.993, 187.675, 187.488, 188.006, 187.576, 187.224, 187.411, 190.684, 189.709, 187.741, 187.092, 73.428, 67.611, 68.354, 69.549, 69.547, 68.536, 69.563, 68.792, 69.823, 66.213, 68.526, 68.056, 66.945, 73.277, 70.571, 69.737, 71.276, 73.986, 73.592, 72.047, 72.877, 77.784, 75.863, 79.515, 75.057, 334.509, 353.721, 368.138, 368.754, 365.507, 390.525, 382.315, 396.346, 383.402, 386.853, 389.288, 387.053, 368.944, 370.994, 371.610, 377.409, 365.771, 372.690, 371.132, 371.091, 352.255, 357.679, 352.233, 356.739, 358.452, 
100, 100, 5, 1, 2, 14.612, 14.794, 15.114, 14.598, 14.586, 14.408, 15.617, 16.193, 15.209, 14.495, 14.512, 14.437, 14.584, 14.586, 15.032, 14.538, 14.811, 14.450, 14.531, 14.572, 14.435, 14.596, 14.412, 14.571, 14.475, 5.914, 4.350, 4.549, 5.401, 4.844, 4.668, 5.268, 5.083, 4.465, 5.456, 5.335, 5.024, 4.537, 5.309, 4.528, 4.774, 6.136, 4.626, 4.652, 5.541, 5.678, 5.521, 6.115, 4.627, 4.584, 5.645, 4.630, 4.679, 5.078, 5.454, 4.359, 4.681, 4.503, 4.490, 4.648, 5.561, 4.525, 4.509, 4.342, 4.632, 4.304, 4.364, 4.681, 5.323, 4.319, 4.355, 4.923, 4.239, 4.368, 4.801, 5.990, 5.897, 5.691, 5.770, 5.924, 6.127, 6.102, 5.231, 5.323, 5.806, 5.412, 5.724, 5.943, 6.000, 5.818, 5.927, 5.931, 5.806, 5.726, 5.930, 6.009, 5.266, 5.895, 5.955, 5.970, 
100, 100, 5, 8, 2, 156.060, 117.479, 119.585, 122.325, 117.908, 111.898, 108.036, 108.604, 122.795, 108.318, 104.930, 105.041, 104.722, 105.196, 106.563, 103.294, 101.030, 100.743, 118.499, 140.895, 125.791, 102.005, 111.714, 102.740, 102.633, 37.085, 37.429, 36.805, 40.469, 40.074, 36.598, 38.698, 36.400, 36.375, 37.044, 38.939, 35.908, 36.785, 34.415, 36.852, 34.622, 37.386, 36.004, 33.885, 34.648, 34.670, 34.305, 34.712, 35.451, 34.081, 41.038, 40.470, 39.046, 38.012, 38.441, 38.180, 37.949, 38.023, 47.028, 42.349, 41.344, 40.746, 39.595, 37.853, 40.371, 38.222, 37.061, 39.756, 35.874, 37.080, 37.107, 36.813, 37.182, 39.591, 37.228, 44.975, 44.792, 45.166, 44.930, 45.262, 45.726, 45.206, 44.246, 43.811, 45.009, 42.885, 43.530, 45.909, 44.945, 44.578, 45.355, 46.881, 52.478, 48.229, 46.223, 46.489, 47.010, 46.430, 46.343, 47.588, 
500, 500, 5, 16, 2, 5325.703, 4835.263, 4747.543, 4767.222, 4925.045, 5272.067, 6773.569, 9220.398, 10863.170, 10756.023, 8587.303, 5812.141, 7456.639, 4749.424, 7546.596, 7561.294, 4742.103, 4686.995, 4698.070, 4683.218, 4692.882, 6401.041, 8234.792, 6610.713, 4970.659, 1813.691, 1703.474, 2071.832, 2169.159, 1945.457, 1948.745, 1449.178, 1466.680, 1602.192, 1374.788, 1276.161, 1271.289, 1284.069, 1264.131, 1226.254, 1229.012, 1231.219, 1234.776, 1259.515, 1346.241, 1463.665, 1523.021, 1497.099, 1875.115, 1729.991, 1485.662, 1366.153, 1344.277, 1348.589, 1442.177, 1424.297, 1429.819, 1309.898, 1332.196, 1317.927, 1378.843, 1389.473, 1378.600, 1368.968, 1362.322, 1326.210, 1336.242, 1376.736, 1414.804, 1408.499, 1328.721, 1329.420, 1326.800, 1384.802, 1424.052, 2033.028, 2177.080, 2206.621, 2198.880, 2259.016, 2253.261, 2178.364, 2184.511, 2208.949, 2258.990, 2269.315, 2178.113, 2154.523, 2244.057, 2329.440, 2301.878, 2241.909, 2297.399, 2239.084, 2409.464, 2428.101, 2387.957, 2478.043, 2580.735, 2415.981, 
