,type,row_count,column_count,thread_count,iteration_count,func,time,max_time,min_time
0,mpi,1000,1000,1,1,1.0,120.855,156.910742076,115.612089665
1,mpi,10000,1,1,1,1.0,2.948,3.82750293856,2.82011038295
2,mpi,10000,1,8,1,1.0,8.856,11.4980888819,8.47181056696
3,mpi,10000,1,16,1,1.0,22.94,29.7838932872,21.9448209582
4,mpi,10000,1,34,1,1.0,68.495,88.9297197343,65.5235619674
5,mpi,10000,1,1,1,2.0,32.314,41.9545216949,30.9121597404
6,mpi,10000,1,8,1,2.0,28.387,36.8559450193,27.1555201631
7,mpi,10000,1,16,1,2.0,24.339,31.6002693425,23.2831297865
8,mpi,10000,1,34,1,2.0,71.208,92.4521130424,68.118867079
9,mpi,10000,1,1,5,1.0,8.991,11.6733646271,8.60095402072
10,mpi,10000,1,8,5,1.0,35.271,45.7937096832,33.7408796869
11,mpi,10000,1,16,5,1.0,44.676,58.0045865954,42.7378736325
12,mpi,10000,1,34,5,1.0,89.914,116.738839626,86.0133666799
13,mpi,10000,1,1,5,2.0,161.514,209.699901499,154.507228084
14,mpi,10000,1,8,5,2.0,47.178,61.2530304055,45.1313323089
15,mpi,10000,1,16,5,2.0,54.155,70.3115405827,51.8056573231
16,mpi,10000,1,34,5,2.0,71.1,92.3118924463,68.015552316
17,mpi,1,10000,1,1,1.209,,,
18,mpi,1,10000,1,1,1.0,22.349,29.0165750251,21.3794596162
19,mpi,1,10000,1,1,1.0,47.313,61.4283061507,45.2604757627
20,mpi,1,10000,1,1,1.0,121.297,157.484607849,116.034914898
21,mpi,1,10000,1,1,2.0,31.763,41.2391369869,30.3850631254
22,mpi,1,10000,1,1,2.0,62.569,81.2357636916,59.8546426563
23,mpi,1,10000,1,1,2.0,65.556,85.1139018454,62.7120611481
24,mpi,1,10000,1,1,2.0,156.136,202.717435148,149.362535533
25,mpi,1,10000,1,5,1.0,5.513,7.15774209643,5.27383600447
26,mpi,1,10000,1,5,1.0,43.134,56.0025480841,41.262768405
27,mpi,1,10000,1,5,1.0,46.036,59.7703274354,44.0388743519
28,mpi,1,10000,1,5,1.0,108.573,140.964544284,103.862905227
29,mpi,1,10000,1,5,2.0,158.457,205.730879625,151.58284632
30,mpi,1,10000,1,5,2.0,189.182,245.622340883,180.974939778
31,mpi,1,10000,1,5,2.0,192.275,249.638102955,183.933759797
32,mpi,1,10000,1,5,2.0,252.812,328.235642098,241.844554319
33,mpi,1000,1000,16,5,1.0,62.334,80.9306540612,59.6298373849
34,mpi,1000,1000,34,5,1.0,86.122,111.815538696,82.3858705564
35,mpi,1000,1000,1,5,2.0,15839.277,20564.7487321,15152.1402734
36,mpi,1000,1000,8,5,2.0,2006.104,2604.6027663,1919.07554941
37,mpi,1000,1000,16,5,2.0,1129.864,1466.94632977,1080.84843885
38,mpi,1000,1000,34,5,2.0,745.786,968.282939803,713.432443032
39,mpi,5000,5000,1,1,1.0,2811.356,3650.09272434,2689.3942489
40,mpi,5000,5000,8,1,1.0,360.272,467.755135238,344.642743516
41,mpi,5000,5000,16,1,1.0,194.067,251.96472618,185.648019568
42,mpi,5000,5000,34,1,1.0,151.722,196.986567451,145.140022904
43,mpi,1000,1000,8,1,1.0,22.282,28.9295863219,21.3153661984
44,mpi,5000,5000,1,1,2.0,79089.266,102684.666901,75658.2293848
45,mpi,5000,5000,8,1,2.0,9890.311,12840.9750393,9461.25126923
46,mpi,5000,5000,16,1,2.0,5072.629,6585.99131741,4852.56910168
47,mpi,5000,5000,34,1,2.0,2435.244,3161.77190167,2329.59867348
48,mpi,5000,5000,1,5,1.0,15003.073,19479.0725899,14352.2123282
49,mpi,5000,5000,8,5,1.0,1865.335,2421.83690431,1784.41336539
50,mpi,5000,5000,16,5,1.0,968.694,1257.69305684,926.670287415
51,mpi,5000,5000,34,5,1.0,518.758,673.52366669,496.253331763
52,mpi,5000,5000,1,5,2.0,395834.0,513926.661527,378661.999092
53,mpi,5000,5000,8,5,2.0,49491.359,64256.5542761,47344.333576
54,mpi,1000,1000,16,1,1.0,14.518,18.8492834674,13.8881826797
55,mpi,5000,5000,16,5,2.0,25343.422,32904.3494499,24243.9781281
56,mpi,5000,5000,34,5,2.0,11858.266,15396.0474767,11343.8327918
57,mpi,1000,1000,34,1,1.0,68.523,88.9660732222,65.5503472764
58,mpi,1000,1000,1,1,2.0,3169.092,4114.55527224,3031.61100872
59,mpi,1000,1000,8,1,2.0,407.746,529.392473944,390.057234805
60,mpi,1000,1000,16,1,2.0,234.145,303.999550729,223.987362827
61,mpi,1000,1000,34,1,2.0,197.961,257.020457673,189.373090746
62,mpi,1000,1000,1,5,1.0,599.492,778.343755646,573.484943587
63,mpi,1000,1000,8,5,1.0,97.053,126.007680697,92.8426638386
64,mpi,1,1,1,1,1.0,0.001,0.00129833885297,0.000956618176034
65,mpi,3,2,1,1,2.0,0.025,0.0324584713243,0.0239154544008
66,mpi,3,2,2,1,2.0,0.46,0.597235872367,0.440044360976
67,mpi,3,2,2,1,2.0,0.874,1.1347481575,0.836084285854
68,mpi,3,2,2,1,2.0,4.331,5.62310557222,4.1431133204
69,mpi,3,2,1,5,1.0,0.006,0.00779003311783,0.0057397090562
70,mpi,3,2,2,5,1.0,0.459,0.595937533514,0.4390877428
71,mpi,3,2,2,5,1.0,0.48,0.623202649427,0.459176724496
72,mpi,3,2,2,5,1.0,4.146,5.38291288442,3.96613895784
73,mpi,3,2,1,5,2.0,0.199,0.258369431741,0.190367017031
74,mpi,3,2,2,5,2.0,0.888,1.15292490144,0.849476940318
75,mpi,1,1,1,5,1.0,2.736,3.55225510173,2.61730732963
76,mpi,3,2,2,5,2.0,0.913,1.18538337276,0.873392394719
77,mpi,3,2,2,5,2.0,4.328,5.61921055566,4.14024346587
78,mpi,499,491,1,1,1.0,29.873,38.7852765548,28.5770547727
79,mpi,499,491,8,1,1.0,4.631,6.01260722811,4.43009877321
80,mpi,499,491,16,1,1.0,3.055,3.96642519583,2.92246852778
81,mpi,499,491,34,1,1.0,4.849,6.29564509806,4.63864153559
82,mpi,499,491,1,1,2.0,750.4,974.27347527,717.846279296
83,mpi,499,491,8,1,2.0,98.243,127.552703933,93.9810394681
84,mpi,499,491,16,1,2.0,63.096,81.9199882671,60.358780435
85,mpi,499,491,34,1,2.0,46.534,60.4169001842,44.5152702036
86,mpi,1,1,1,5,1.0,4.819,6.25669493247,4.60994299031
87,mpi,499,491,1,5,1.0,144.612,187.755378206,138.338467673
88,mpi,499,491,8,5,1.0,20.12,26.1225777218,19.2471577018
89,mpi,499,491,16,5,1.0,13.322,17.2964701993,12.7440673411
90,mpi,499,491,34,5,1.0,11.579,15.0334655786,11.0766818603
91,mpi,499,491,1,5,2.0,3750.408,4869.3004209,3587.70846034
92,mpi,499,491,8,5,2.0,490.399,636.704075159,469.124596909
93,mpi,499,491,16,5,2.0,314.155,407.879642355,300.526383092
94,mpi,499,491,34,5,2.0,224.638,291.656243254,214.892793828
95,mpi,1,1,1,5,2.0,0.036,0.046740198707,0.0344382543372
96,mpi,1,1,1,5,2.0,1.594,2.06955213164,1.5248493726
97,mpi,1,1,1,5,2.0,2.413,3.13289165222,2.30831965877
98,mpi,1,1,1,5,2.0,5.351,6.94741120225,5.11886385996
99,mpi,10,10,1,1,1.0,0.015,0.0194750827946,0.0143492726405
100,mpi,10,10,8,1,1.0,1.023,1.32820064659,0.978620394083
101,mpi,10,10,10,1,1.0,1.101,1.42947107712,1.05323661181
102,mpi,10,10,10,1,1.0,3.876,5.03236139412,3.70785205031
103,mpi,1,1,1,1,1.0,1.434,1.86181791516,1.37179046443
104,mpi,10,10,1,1,2.0,0.486,0.630992682544,0.464916433552
105,mpi,10,10,8,1,2.0,1.099,1.42687439942,1.05132337546
106,mpi,10,10,10,1,2.0,1.679,2.17991093414,1.60616191756
107,mpi,10,10,10,1,2.0,4.156,5.39589627295,3.9757051396
108,mpi,10,10,1,5,1.0,0.069,0.0895853808551,0.0660066541463
109,mpi,10,10,8,5,1.0,1.488,1.93192821322,1.42344784594
110,mpi,10,10,10,5,1.0,1.969,2.5564292015,1.88358118861
111,mpi,10,10,10,5,1.0,3.961,5.14272019662,3.78916459527
112,mpi,10,10,1,5,2.0,1.617,2.09941392526,1.54685159065
113,mpi,10,10,8,5,2.0,2.21,2.86932886507,2.11412616903
114,mpi,1,1,1,1,1.0,2.415,3.13548832993,2.31023289512
115,mpi,10,10,10,5,2.0,1.816,2.357783357,1.73721860768
116,mpi,10,10,10,5,2.0,3.94,5.11545508071,3.76907561357
117,mpi,100,100,1,1,1.0,1.254,1.62811692163,1.19959919275
118,mpi,100,100,8,1,1.0,0.889,1.15422324029,0.850433558494
119,mpi,100,100,16,1,1.0,1.37,1.77872422857,1.31056690117
120,mpi,100,100,34,1,1.0,3.477,4.51432419178,3.32616139807
121,mpi,100,100,1,1,2.0,30.677,39.8291409926,29.3461757862
122,mpi,100,100,8,1,2.0,5.901,7.66149757139,5.64500385678
123,mpi,100,100,16,1,2.0,3.851,4.99990292279,3.68393659591
124,mpi,100,100,34,1,2.0,12.777,16.5888755244,12.2227104352
125,mpi,1,1,1,1,1.0,4.94,6.41379393368,4.72569378961
126,mpi,100,100,1,5,1.0,6.055,7.86144175475,5.79232305588
127,mpi,100,100,8,5,1.0,2.48,3.21988035537,2.37241307656
128,mpi,100,100,16,5,1.0,2.569,3.33543251328,2.45755209423
129,mpi,100,100,34,5,1.0,5.803,7.5342603638,5.55125527552
130,mpi,100,100,1,5,2.0,153.123,198.805540184,146.480244969
131,mpi,100,100,8,5,2.0,25.54,33.1595743049,24.4320282159
132,mpi,100,100,16,5,2.0,16.693,21.6731704727,15.9688272125
133,mpi,100,100,34,5,2.0,54.522,70.7880309417,52.1567361937
134,mpi,500,500,1,1,1.0,30.634,39.7733124219,29.3050412046
135,mpi,500,500,8,1,1.0,4.512,5.85810490461,4.31626121026
136,mpi,1,1,1,1,2.0,0.004,0.00519335541189,0.00382647270414
137,mpi,500,500,16,1,1.0,2.997,3.89112154236,2.86698467357
138,mpi,500,500,34,1,1.0,4.967,6.44884908271,4.75152248036
139,mpi,500,500,1,1,2.0,766.871,995.658414517,733.602737273
140,mpi,500,500,8,1,2.0,101.41,131.66454308,97.0106492316
141,mpi,500,500,16,1,2.0,54.157,70.3141372604,51.8075705595
142,mpi,500,500,34,1,2.0,60.768,78.8974554174,58.1317733212
143,mpi,500,500,1,5,1.0,147.767,191.851637287,141.356598018
144,mpi,500,500,8,5,1.0,20.571,26.7081285445,19.6785924992
145,mpi,500,500,16,5,1.0,12.419,16.1240702151,11.8802411282
146,mpi,500,500,34,5,1.0,14.226,18.4701685224,13.6088501723
147,mpi,1,1,1,1,2.0,1.649,2.14096076855,1.57746337228
148,mpi,500,500,1,5,2.0,3831.843,4975.03064539,3665.61066151
149,mpi,500,500,8,5,2.0,506.123,657.119155283,484.166461109
150,mpi,500,500,16,5,2.0,269.031,349.293399954,257.359944517
151,mpi,500,500,34,5,2.0,293.022,380.441847376,280.310171178
152,mpi,1,500,1,1,0.064,,,
153,mpi,1,500,1,1,1.0,1.443,1.87350296484,1.38040002802
154,mpi,1,500,1,1,1.0,1.955,2.53825245756,1.87018853415
155,mpi,1,500,1,1,1.0,5.1,6.62152815016,4.87875269777
156,mpi,1,500,1,1,2.0,1.59,2.06435877623,1.52102289989
157,mpi,1,500,1,1,2.0,2.424,3.1471733796,2.31884245871
158,mpi,1,1,1,1,2.0,2.246,2.91606906377,2.14856442337
159,mpi,1,500,1,2,3.661,,,
160,mpi,1,500,1,1,2.0,6.224,8.0808610209,5.95399152763
161,mpi,1,500,1,5,1.0,0.352,0.457015276246,0.336729597964
162,mpi,1,500,1,5,1.0,1.855,2.40841857226,1.77452671654
163,mpi,1,500,1,5,1.0,1.948,2.52916408559,1.86349220691
164,mpi,1,500,1,5,1.0,5.414,7.02920654999,5.17913080505
165,mpi,1,500,1,5,2.0,7.742,10.0517393997,7.40613791885
166,mpi,1,500,1,5,2.0,8.911,11.5694975188,8.52442456664
167,mpi,1,500,1,5,2.0,9.32,12.1005181097,8.91568140063
168,mpi,1,500,1,5,2.0,11.613,15.0776090996,11.1092068783
169,mpi,1,1,1,1,2.0,4.895,6.3553686853,4.68264597169
170,mpi,500,1,1,1,1.0,0.196,0.254474415182,0.187497162503
171,mpi,500,1,8,1,1.0,1.063,1.38013420071,1.01688512112
172,mpi,500,1,16,1,1.0,1.36,1.76574084004,1.30100071941
173,mpi,500,1,34,1,1.0,3.874,5.02976471641,3.70593881395
174,mpi,500,1,1,1,2.0,1.701,2.20847438891,1.62720751743
175,mpi,500,1,8,1,2.0,0.949,1.23212357147,0.907830649056
176,mpi,500,1,16,1,2.0,1.39,1.80469100563,1.32969926469
177,mpi,500,1,34,1,2.0,3.422,4.44291555487,3.27354739839
178,mpi,500,1,1,5,1.0,0.49,0.636186037956,0.468742906257
179,mpi,500,1,8,5,1.0,1.524,1.97866841193,1.45788610028
180,mpi,1,1,1,5,1.0,0.002,0.00259667770594,0.00191323635207
181,mpi,500,1,16,5,1.0,1.99,2.58369431741,1.90367017031
182,mpi,500,1,34,5,1.0,3.811,4.94796936868,3.64567186886
183,mpi,500,1,1,5,2.0,7.879,10.2296118226,7.53719460897
184,mpi,500,1,8,5,2.0,2.542,3.30037736425,2.43172340348
185,mpi,500,1,16,5,2.0,2.508,3.25623384325,2.39919838549
186,mpi,500,1,34,5,2.0,4.001,5.19465375074,3.82742932231
187,mpi,3,2,1,1,1.0,0.002,0.00259667770594,0.00191323635207
188,mpi,3,2,2,1,1.0,0.503,0.653064443045,0.481178942545
189,mpi,3,2,2,1,1.0,0.482,0.625799327132,0.461089960848
190,mpi,3,2,2,1,1.0,4.091,5.31150424751,3.91352495815
191,mpi,1,1,1,5,1.0,1.647,2.13836409084,1.57555013593
192,mpi,1000,1000,1,1,1.0,120.855,156.910742076,115.612089665
193,mpi,1,10000,1,1,1.0,2.948,3.82750293856,2.82011038295
194,mpi,1,10000,8,1,1.0,8.856,11.4980888819,8.47181056696
195,mpi,1,10000,16,1,1.0,22.94,29.7838932872,21.9448209582
196,mpi,1,10000,34,1,1.0,68.495,88.9297197343,65.5235619674
197,mpi,1,10000,1,1,2.0,32.314,41.9545216949,30.9121597404
198,mpi,1,10000,8,1,2.0,28.387,36.8559450193,27.1555201631
199,mpi,1,10000,16,1,2.0,24.339,31.6002693425,23.2831297865
200,mpi,1,10000,34,1,2.0,71.208,92.4521130424,68.118867079
201,mpi,1,10000,1,5,1.0,8.991,11.6733646271,8.60095402072
202,mpi,1,10000,8,5,1.0,35.271,45.7937096832,33.7408796869
203,mpi,1,10000,16,5,1.0,44.676,58.0045865954,42.7378736325
204,mpi,1,10000,34,5,1.0,89.914,116.738839626,86.0133666799
205,mpi,1,10000,1,5,2.0,161.514,209.699901499,154.507228084
206,mpi,1,10000,8,5,2.0,47.178,61.2530304055,45.1313323089
207,mpi,1,10000,16,5,2.0,54.155,70.3115405827,51.8056573231
208,mpi,1,10000,34,5,2.0,71.1,92.3118924463,68.015552316
209,mpi,10000,1,1,1,1.0,1.209,1.56969167324,1.15655137482
210,mpi,10000,1,1,1,1.0,22.349,29.0165750251,21.3794596162
211,mpi,10000,1,1,1,1.0,47.313,61.4283061507,45.2604757627
212,mpi,10000,1,1,1,1.0,121.297,157.484607849,116.034914898
213,mpi,10000,1,1,1,2.0,31.763,41.2391369869,30.3850631254
214,mpi,10000,1,1,1,2.0,62.569,81.2357636916,59.8546426563
215,mpi,10000,1,1,1,2.0,65.556,85.1139018454,62.7120611481
216,mpi,10000,1,1,1,2.0,156.136,202.717435148,149.362535533
217,mpi,10000,1,1,5,1.0,5.513,7.15774209643,5.27383600447
218,mpi,10000,1,1,5,1.0,43.134,56.0025480841,41.262768405
219,mpi,10000,1,1,5,1.0,46.036,59.7703274354,44.0388743519
220,mpi,10000,1,1,5,1.0,108.573,140.964544284,103.862905227
221,mpi,10000,1,1,5,2.0,158.457,205.730879625,151.58284632
222,mpi,10000,1,1,5,2.0,189.182,245.622340883,180.974939778
223,mpi,10000,1,1,5,2.0,192.275,249.638102955,183.933759797
224,mpi,10000,1,1,5,2.0,252.812,328.235642098,241.844554319
225,mpi,1000,1000,16,5,1.0,62.334,80.9306540612,59.6298373849
226,mpi,1000,1000,34,5,1.0,86.122,111.815538696,82.3858705564
227,mpi,1000,1000,1,5,2.0,15839.277,20564.7487321,15152.1402734
228,mpi,1000,1000,8,5,2.0,2006.104,2604.6027663,1919.07554941
229,mpi,1000,1000,16,5,2.0,1129.864,1466.94632977,1080.84843885
230,mpi,1000,1000,34,5,2.0,745.786,968.282939803,713.432443032
231,mpi,5000,5000,1,1,1.0,2811.356,3650.09272434,2689.3942489
232,mpi,5000,5000,8,1,1.0,360.272,467.755135238,344.642743516
233,mpi,5000,5000,16,1,1.0,194.067,251.96472618,185.648019568
234,mpi,5000,5000,34,1,1.0,151.722,196.986567451,145.140022904
235,mpi,1000,1000,8,1,1.0,22.282,28.9295863219,21.3153661984
236,mpi,5000,5000,1,1,2.0,79089.266,102684.666901,75658.2293848
237,mpi,5000,5000,8,1,2.0,9890.311,12840.9750393,9461.25126923
238,mpi,5000,5000,16,1,2.0,5072.629,6585.99131741,4852.56910168
239,mpi,5000,5000,34,1,2.0,2435.244,3161.77190167,2329.59867348
240,mpi,5000,5000,1,5,1.0,15003.073,19479.0725899,14352.2123282
241,mpi,5000,5000,8,5,1.0,1865.335,2421.83690431,1784.41336539
242,mpi,5000,5000,16,5,1.0,968.694,1257.69305684,926.670287415
243,mpi,5000,5000,34,5,1.0,518.758,673.52366669,496.253331763
244,mpi,5000,5000,1,5,2.0,395834.0,513926.661527,378661.999092
245,mpi,5000,5000,8,5,2.0,49491.359,64256.5542761,47344.333576
246,mpi,1000,1000,16,1,1.0,14.518,18.8492834674,13.8881826797
247,mpi,5000,5000,16,5,2.0,25343.422,32904.3494499,24243.9781281
248,mpi,5000,5000,34,5,2.0,11858.266,15396.0474767,11343.8327918
249,mpi,1000,1000,34,1,1.0,68.523,88.9660732222,65.5503472764
250,mpi,1000,1000,1,1,2.0,3169.092,4114.55527224,3031.61100872
251,mpi,1000,1000,8,1,2.0,407.746,529.392473944,390.057234805
252,mpi,1000,1000,16,1,2.0,234.145,303.999550729,223.987362827
253,mpi,1000,1000,34,1,2.0,197.961,257.020457673,189.373090746
254,mpi,1000,1000,1,5,1.0,599.492,778.343755646,573.484943587
255,mpi,1000,1000,8,5,1.0,97.053,126.007680697,92.8426638386
256,sequential,1,1,1,1,1.0,0.001,0.00129833885297,0.000956618176034
257,pthread,1,1,1,1,1.0,0.113,0.146712290386,0.108097853892
258,pthread,1,1,8,1,1.0,0.093,0.120745513326,0.0889654903711
259,pthread,1,1,16,1,1.0,0.06,0.0779003311783,0.057397090562
260,pthread,1,1,48,1,1.0,0.039,0.0506352152659,0.0373081088653
261,openmp,1,1,1,1,1.0,0.003,0.00389501655892,0.0028698545281
262,cilk,1,1,1,1,1.0,0.001,0.00129833885297,0.000956618176034
263,cilk,1,1,8,1,1.0,0.001,0.00129833885297,0.000956618176034
264,cilk,1,1,16,1,1.0,0.002,0.00259667770594,0.00191323635207
265,cilk,1,1,48,1,1.0,0.002,0.00259667770594,0.00191323635207
266,sequential,1,1,1,1,2.0,0.006,0.00779003311783,0.0057397090562
267,pthread,1,1,1,1,2.0,0.185,0.2401926878,0.176974362566
268,pthread,1,1,8,1,2.0,0.196,0.254474415182,0.187497162503
269,pthread,1,1,16,1,2.0,0.202,0.2622644483,0.193236871559
270,pthread,1,1,48,1,2.0,0.137,0.177872422857,0.131056690117
271,openmp,1,1,1,1,2.0,0.012,0.0155800662357,0.0114794181124
272,cilk,1,1,1,1,2.0,0.007,0.0090883719708,0.00669632723224
273,cilk,1,1,8,1,2.0,0.042,0.0545302318248,0.0401779633934
274,cilk,1,1,16,1,2.0,0.03,0.0389501655892,0.028698545281
275,cilk,1,1,48,1,2.0,0.007,0.0090883719708,0.00669632723224
276,sequential,1,1,1,5,1.0,0.002,0.00259667770594,0.00191323635207
277,pthread,1,1,1,5,1.0,0.096,0.124640529885,0.0918353448992
278,pthread,1,1,8,5,1.0,0.107,0.138922257268,0.102358144836
279,pthread,1,1,16,5,1.0,0.115,0.149308968092,0.110011090244
280,pthread,1,1,48,5,1.0,0.205,0.266159464859,0.196106726087
281,openmp,1,1,1,5,1.0,0.008,0.0103867108238,0.00765294540827
282,cilk,1,1,1,5,1.0,0.008,0.0103867108238,0.00765294540827
283,cilk,1,1,8,5,1.0,1.798,2.33441325764,1.71999948051
284,cilk,1,1,16,5,1.0,0.004,0.00519335541189,0.00382647270414
285,cilk,1,1,48,5,1.0,2.023,2.62653949956,1.93523857012
286,sequential,1,1,1,5,2.0,0.023,0.0298617936184,0.0220022180488
287,pthread,1,1,1,5,2.0,0.23,0.298617936184,0.220022180488
288,pthread,1,1,8,5,2.0,0.24,0.311601324713,0.229588362248
289,pthread,1,1,16,5,2.0,0.227,0.294722919625,0.21715232596
290,pthread,1,1,48,5,2.0,0.236,0.306407969301,0.225761889544
291,openmp,1,1,1,5,2.0,0.045,0.0584252483837,0.0430478179215
292,cilk,1,1,1,5,2.0,0.186,0.241491026653,0.177930980742
293,cilk,1,1,8,5,2.0,0.312,0.405081722127,0.298464870923
294,cilk,1,1,16,5,2.0,0.227,0.294722919625,0.21715232596
295,cilk,1,1,48,5,2.0,1.497,1.9436132629,1.43205740952
296,sequential,10,10,1,1,1.0,0.015,0.0194750827946,0.0143492726405
297,pthread,10,10,1,1,1.0,0.206,0.267457803712,0.197063344263
298,pthread,10,10,8,1,1.0,0.725,0.941295668405,0.693548177624
299,pthread,10,10,16,1,1.0,0.874,1.1347481575,0.836084285854
300,pthread,10,10,48,1,1.0,0.698,0.906240519374,0.667719486872
301,openmp,10,10,1,1,1.0,14.795,19.2089233297,14.1531659144
302,cilk,10,10,1,1,1.0,0.067,0.0869887031491,0.0640934177943
303,cilk,10,10,8,1,1.0,0.339,0.440136871157,0.324293561675
304,cilk,10,10,16,1,1.0,0.447,0.580357467278,0.427608324687
305,cilk,10,10,48,1,1.0,2.11,2.73949497977,2.01846435143
306,sequential,10,10,1,1,2.0,0.383,0.497263780688,0.366384761421
307,pthread,10,10,1,1,2.0,0.905,1.17499666194,0.865739449311
308,pthread,10,10,8,1,2.0,0.899,1.16720662882,0.859999740254
309,pthread,10,10,16,1,2.0,1.038,1.34767572938,0.992969666723
310,pthread,10,10,48,1,2.0,1.091,1.41648768859,1.04367043005
311,openmp,10,10,1,1,2.0,29.249,37.9751131106,27.9801250308
312,cilk,10,10,1,1,2.0,1.26,1.63590695474,1.2053389018
313,cilk,10,10,8,1,2.0,1.289,1.67355878148,1.23308082891
314,cilk,10,10,16,1,2.0,2.607,3.3847693897,2.49390358492
315,cilk,10,10,48,1,2.0,0.512,0.664749492722,0.489788506129
316,sequential,10,10,1,5,1.0,0.075,0.0973754139729,0.0717463632025
317,pthread,10,10,1,5,1.0,0.238,0.309004647007,0.227675125896
318,pthread,10,10,8,5,1.0,0.766,0.994527561377,0.732769522842
319,pthread,10,10,16,5,1.0,0.871,1.13085314094,0.833214431325
320,pthread,10,10,48,5,1.0,0.887,1.15162656259,0.848520322142
321,openmp,10,10,1,5,1.0,57.743,74.9699803872,55.2380033387
322,cilk,10,10,1,5,1.0,3.392,4.40396538928,3.24484885311
323,cilk,10,10,8,5,1.0,0.671,0.871185370344,0.641890796119
324,cilk,10,10,16,5,1.0,12.059,15.656668228,11.5358585848
325,cilk,10,10,48,5,1.0,0.629,0.816655138519,0.601712832725
326,sequential,10,10,1,5,2.0,2.013,2.61355611103,1.92567238836
327,pthread,10,10,1,5,2.0,2.988,3.87943649268,2.85837510999
328,pthread,10,10,8,5,2.0,1.768,2.29546309205,1.69130093523
329,pthread,10,10,16,5,2.0,1.918,2.49021392,1.83479366163
330,pthread,10,10,48,5,2.0,1.926,2.50060063082,1.84244660704
331,openmp,10,10,1,5,2.0,73.018,94.8021063663,69.8503459776
332,cilk,10,10,1,5,2.0,10.748,13.9545459917,10.281732156
333,cilk,10,10,8,5,2.0,2.368,3.07446640384,2.26527184085
334,cilk,10,10,16,5,2.0,3.799,4.93238930244,3.63419245075
335,cilk,10,10,48,5,2.0,1.92,2.49281059771,1.83670689798
336,sequential,100,100,1,1,1.0,1.505,1.95399997372,1.43971035493
337,pthread,100,100,1,1,1.0,3.071,3.98719861748,2.9377744186
338,pthread,100,100,8,1,1.0,1.51,1.96049166799,1.44449344581
339,pthread,100,100,16,1,1.0,2.547,3.30686905852,2.43650649436
340,pthread,100,100,48,1,1.0,4.892,6.35147366874,4.67977611716
341,openmp,100,100,1,1,1.0,84.787,110.082256327,81.1087852914
342,cilk,100,100,1,1,1.0,1.489,1.93322655208,1.42440446411
343,cilk,100,100,8,1,1.0,1.453,1.88648635337,1.38996620978
344,cilk,100,100,16,1,1.0,11.249,14.6050137571,10.7609978622
345,cilk,100,100,48,1,1.0,3.181,4.1300158913,3.04300241796
346,sequential,100,100,1,1,2.0,37.963,49.2888378754,36.3160958168
347,pthread,100,100,1,1,2.0,44.459,57.7228470643,42.5302874883
348,pthread,100,100,8,1,2.0,21.135,27.4403916576,20.2181251505
349,pthread,100,100,16,1,2.0,18.791,24.3970853862,17.9758121459
350,pthread,100,100,48,1,2.0,22.465,29.167182332,21.4904273246
351,openmp,100,100,1,1,2.0,118.896,154.367296263,113.738074658
352,cilk,100,100,1,1,2.0,43.216,56.10901187,41.3412110955
353,cilk,100,100,8,1,2.0,31.575,40.9950492826,30.2052189083
354,cilk,100,100,16,1,2.0,18.782,24.3854003365,17.9672025823
355,cilk,100,100,48,1,2.0,9.317,12.0966230931,8.91281154611
356,sequential,100,100,1,5,1.0,7.175,9.31558127007,6.86373541304
357,pthread,100,100,1,5,1.0,12.59,16.3460861589,12.0438228363
358,pthread,100,100,8,5,1.0,3.574,4.64026306052,3.41895336114
359,pthread,100,100,16,5,1.0,4.533,5.88537002052,4.33635019196
360,pthread,100,100,48,5,1.0,8.322,10.8047759344,7.96097646095
361,openmp,100,100,1,5,1.0,171.221,222.302876745,163.793120719
362,cilk,100,100,1,5,1.0,7.596,9.86218192717,7.26647166515
363,cilk,100,100,8,5,1.0,9.806,12.7315107922,9.38059783419
364,cilk,100,100,16,5,1.0,11.35,14.7361459812,10.857616298
365,cilk,100,100,48,5,1.0,12.142,15.7644303528,11.6152578934
366,sequential,100,100,1,5,2.0,192.176,249.509567409,183.839054597
367,pthread,100,100,1,5,2.0,196.82,255.539053042,188.281589407
368,pthread,100,100,8,5,2.0,56.334,73.1406209433,53.8901283287
369,pthread,100,100,16,5,2.0,93.299,121.133716643,89.2515192058
370,pthread,100,100,48,5,2.0,55.453,71.9967844139,53.0473477156
371,openmp,100,100,1,5,2.0,446.876,580.196473261,427.489704033
372,cilk,100,100,1,5,2.0,340.326,441.858468477,325.562037377
373,cilk,100,100,8,5,2.0,142.323,184.783480572,136.148768668
374,cilk,100,100,16,5,2.0,101.772,132.134541745,97.3569450113
375,cilk,100,100,48,5,2.0,44.279,57.4891460707,42.3580962166
376,sequential,500,500,1,1,1.0,35.187,45.6846492195,33.6605237601
377,pthread,500,500,1,1,1.0,41.41,53.7642119016,39.6135586696
378,pthread,500,500,8,1,1.0,23.837,30.9485032383,22.8029074621
379,pthread,500,500,16,1,1.0,32.216,41.8272844873,30.8184111591
380,pthread,500,500,48,1,1.0,32.343,41.9921735217,30.9399016675
381,openmp,500,500,1,1,1.0,198.615,257.869571283,189.998719033
382,cilk,500,500,1,1,1.0,58.695,76.2059989752,56.1487038423
383,cilk,500,500,8,1,1.0,79.859,103.684042459,76.3945709199
384,cilk,500,500,16,1,1.0,128.272,166.540521348,122.707326676
385,cilk,500,500,48,1,1.0,54.383,70.6075618412,52.0237662672
386,sequential,500,500,1,1,2.0,958.372,1244.2916032,916.796074602
387,pthread,500,500,1,1,2.0,965.364,1253.36958846,923.484748889
388,pthread,500,500,8,1,2.0,345.858,449.040879011,330.854049127
389,pthread,500,500,16,1,2.0,399.465,518.640929902,382.135479689
390,pthread,500,500,48,1,2.0,484.075,628.493380252,463.074943564
391,openmp,500,500,1,1,2.0,489.829,635.964022012,468.579324548
392,cilk,500,500,1,1,2.0,2049.843,2661.39080939,1960.91707182
393,cilk,500,500,8,1,2.0,776.357,1007.97445688,742.677217291
394,cilk,500,500,16,1,2.0,649.742,843.585283008,621.555006933
395,cilk,500,500,48,1,2.0,277.607,360.427953957,265.563901994
396,sequential,500,500,1,5,1.0,177.845,230.903073307,170.129759517
397,pthread,500,500,1,5,1.0,194.148,252.069891627,185.725505641
398,pthread,500,500,8,5,1.0,46.498,60.3701599855,44.4808319492
399,pthread,500,500,16,5,1.0,44.802,58.1681772908,42.8584075227
400,pthread,500,500,48,5,1.0,44.123,57.2866052097,42.2088637811
401,openmp,500,500,1,5,1.0,648.082,841.430040512,619.96702076
402,cilk,500,500,1,5,1.0,298.265,387.249037982,285.325720275
403,cilk,500,500,8,5,1.0,154.769,200.942605936,148.054838487
404,cilk,500,500,16,5,1.0,73.428,95.334425296,70.2425594298
405,cilk,500,500,48,5,1.0,54.009,70.1219831102,51.6659910694
406,sequential,500,500,1,5,2.0,4812.067,6247.6935492,4603.31075649
407,pthread,500,500,1,5,2.0,4836.179,6278.99909563,4626.37673395
408,pthread,500,500,8,5,2.0,1996.197,2591.74012329,1909.59833314
409,pthread,500,500,16,5,2.0,2238.521,2906.35878749,2141.40987603
410,pthread,500,500,48,5,2.0,897.409,1165.14097171,858.477760736
411,openmp,500,500,1,5,2.0,1081.304,1403.89899507,1034.39506022
412,cilk,500,500,1,5,2.0,8151.938,10583.9778324,7798.2920607
413,cilk,500,500,8,5,2.0,2204.265,2861.88289175,2108.6399638
414,cilk,500,500,16,5,2.0,1507.903,1957.76905141,1442.4874175
415,cilk,500,500,48,5,2.0,1127.572,1463.97053712,1078.65586999
416,sequential,1,500,1,1,1.0,0.135,0.175275745151,0.129143453765
417,pthread,1,500,1,1,1.0,0.313,0.40638006098,0.299421489099
418,pthread,1,500,8,1,1.0,0.578,0.750439857018,0.552925305748
419,pthread,1,500,16,1,1.0,1.182,1.53463652421,1.13072268407
420,pthread,1,500,48,1,1.0,4.152,5.39070291754,3.97187866689
421,openmp,1,500,1,1,1.0,138.178,179.401866026,132.183586328
422,cilk,1,500,1,1,1.0,3.609,4.68570492038,3.45243499731
423,cilk,1,500,8,1,1.0,2.154,2.7966218893,2.06055555118
424,cilk,1,500,16,1,1.0,3.556,4.61689296117,3.40173423398
425,cilk,1,500,48,1,1.0,1.952,2.534357441,1.86731867962
426,sequential,1,500,1,1,2.0,2.044,2.65380461547,1.95532755181
427,pthread,1,500,1,1,2.0,2.866,3.72103915262,2.74166769251
428,pthread,1,500,8,1,2.0,2.318,3.00954946119,2.21744093205
429,pthread,1,500,16,1,2.0,3.707,4.81294212797,3.54618357856
430,pthread,1,500,48,1,2.0,8.788,11.4098018399,8.40676053098
431,openmp,1,500,1,1,2.0,169.218,219.702304022,161.877014512
432,cilk,1,500,1,1,2.0,3.909,5.07520657627,3.73942045012
433,cilk,1,500,8,1,2.0,7.38,9.58174073493,7.05984213913
434,cilk,1,500,16,1,2.0,2.461,3.19521191716,2.35423733122
435,cilk,1,500,48,1,2.0,12.799,16.6174389792,12.2437560351
436,sequential,1,500,1,5,1.0,0.524,0.680329558957,0.501267924242
437,pthread,1,500,1,5,1.0,0.637,0.827041849343,0.609365778134
438,pthread,1,500,8,5,1.0,2.059,2.67327969827,1.96967682445
439,pthread,1,500,16,5,1.0,2.722,3.53407835779,2.60391467516
440,pthread,1,500,48,5,1.0,8.295,10.7697207854,7.9351477702
441,openmp,1,500,1,5,1.0,485.902,630.865445337,464.822684971
442,cilk,1,500,1,5,1.0,4.879,6.33459526365,4.66734008087
443,cilk,1,500,8,5,1.0,0.879,1.14123985176,0.840867376734
444,cilk,1,500,16,5,1.0,7.469,9.69729289285,7.1449811568
445,cilk,1,500,48,5,1.0,1.329,1.7254923356,1.27134555595
446,sequential,1,500,1,5,2.0,9.786,12.7055440152,9.36146547067
447,pthread,1,500,1,5,2.0,10.132,13.1547692583,9.69245535957
448,pthread,1,500,8,5,2.0,11.051,14.3479426642,10.5715874633
449,pthread,1,500,16,5,2.0,9.461,12.283583888,9.05056456346
450,pthread,1,500,48,5,2.0,9.887,12.8366762393,9.45808390645
451,openmp,1,500,1,5,2.0,472.445,613.393699392,451.949474176
452,cilk,1,500,1,5,2.0,10.332,13.4144370289,9.88377899478
453,cilk,1,500,8,5,2.0,8.165,10.6009367345,7.81078740732
454,cilk,1,500,16,5,2.0,12.802,16.6213339957,12.2466258896
455,cilk,1,500,48,5,2.0,17.732,23.0221445409,16.9627534974
456,sequential,500,1,1,1,1.0,0.062,0.0804970088843,0.0593103269141
457,pthread,500,1,1,1,1.0,0.236,0.306407969301,0.225761889544
458,pthread,500,1,8,1,1.0,0.176,0.228507638123,0.168364798982
459,pthread,500,1,16,1,1.0,0.114,0.148010629239,0.109054472068
460,pthread,500,1,48,1,1.0,0.166,0.215524249593,0.158798617222
461,openmp,500,1,1,1,1.0,0.085,0.110358802503,0.0813125449629
462,cilk,500,1,1,1,1.0,0.151,0.196049166799,0.144449344581
463,cilk,500,1,8,1,1.0,0.563,0.730964774223,0.538576033107
464,cilk,500,1,16,1,1.0,0.105,0.136325579562,0.100444908484
465,cilk,500,1,48,1,1.0,0.737,0.95687573464,0.705027595737
466,sequential,500,1,1,1,2.0,1.975,2.56421923462,1.88932089767
467,pthread,500,1,1,1,2.0,2.123,2.75637338486,2.03090038772
468,pthread,500,1,8,1,2.0,2.098,2.72391491354,2.00698493332
469,pthread,500,1,16,1,2.0,2.785,3.61587370553,2.66418162025
470,pthread,500,1,48,1,2.0,2.072,2.69015810336,1.98211286074
471,openmp,500,1,1,1,2.0,2.084,2.70573816959,1.99359227885
472,cilk,500,1,1,1,2.0,33.722,43.7825827999,32.2590781322
473,cilk,500,1,8,1,2.0,14.594,18.9479572203,13.960885661
474,cilk,500,1,16,1,2.0,21.634,28.0882627452,20.6954776203
475,cilk,500,1,48,1,2.0,2.001,2.5979760448,1.91419297024
476,sequential,500,1,1,5,1.0,0.358,0.464805309364,0.34246930702
477,pthread,500,1,1,5,1.0,0.616,0.799776733431,0.589276796437
478,pthread,500,1,8,5,1.0,0.75,0.973754139729,0.717463632025
479,pthread,500,1,16,5,1.0,0.606,0.786793344901,0.579710614676
480,pthread,500,1,48,5,1.0,0.722,0.937400651846,0.690678323096
481,openmp,500,1,1,5,1.0,0.439,0.569970756455,0.419955379279
482,cilk,500,1,1,5,1.0,0.438,0.568672417602,0.418998761103
483,cilk,500,1,8,5,1.0,0.677,0.878975403462,0.647630505175
484,cilk,500,1,16,5,1.0,3.333,4.32736339696,3.18840838072
485,cilk,500,1,48,5,1.0,1.469,1.90725977502,1.40527210059
486,sequential,500,1,1,5,2.0,10.422,13.5312875257,9.96987463062
487,pthread,500,1,1,5,2.0,12.578,16.3305060927,12.0323434182
488,pthread,500,1,8,5,2.0,11.071,14.3739094413,10.5907198269
489,pthread,500,1,16,5,2.0,13.419,17.422409068,12.8368593042
490,pthread,500,1,48,5,2.0,11.853,15.3892104243,11.3387952405
491,openmp,500,1,1,5,2.0,9.605,12.4705446828,9.1883175808
492,cilk,500,1,1,5,2.0,93.854,121.854294707,89.7824422935
493,cilk,500,1,8,5,2.0,31.497,40.8937788521,30.1306026905
494,cilk,500,1,16,5,2.0,9.612,12.4796330548,9.19501390804
495,cilk,500,1,48,5,2.0,39.809,51.685571398,38.0820129697
496,sequential,2,3,1,1,1.0,0.002,0.00259667770594,0.00191323635207
497,pthread,2,3,1,1,1.0,0.042,0.0545302318248,0.0401779633934
498,pthread,2,3,8,1,1.0,0.117,0.151905645798,0.111924326596
499,pthread,2,3,16,1,1.0,0.112,0.145413951533,0.107141235716
500,pthread,2,3,48,1,1.0,0.118,0.153203984651,0.112880944772
501,openmp,2,3,1,1,1.0,1.612,2.09292223099,1.54206849977
502,cilk,2,3,1,1,1.0,0.003,0.00389501655892,0.0028698545281
503,cilk,2,3,8,1,1.0,0.006,0.00779003311783,0.0057397090562
504,cilk,2,3,16,1,1.0,0.007,0.0090883719708,0.00669632723224
505,cilk,2,3,48,1,1.0,0.007,0.0090883719708,0.00669632723224
506,sequential,2,3,1,1,2.0,0.025,0.0324584713243,0.0239154544008
507,pthread,2,3,1,1,2.0,0.061,0.0791986700313,0.0583537087381
508,pthread,2,3,8,1,2.0,0.123,0.159695678916,0.117664035652
509,pthread,2,3,16,1,2.0,0.111,0.14411561268,0.10618461754
510,pthread,2,3,48,1,2.0,0.125,0.162292356621,0.119577272004
511,openmp,2,3,1,1,2.0,9.706,12.6016769069,9.28493601658
512,cilk,2,3,1,1,2.0,0.025,0.0324584713243,0.0239154544008
513,cilk,2,3,8,1,2.0,0.068,0.0882870420021,0.0650500359703
514,cilk,2,3,16,1,2.0,0.028,0.0363534878832,0.0267853089289
515,cilk,2,3,48,1,2.0,0.029,0.0376518267362,0.027741927105
516,sequential,2,3,1,5,1.0,0.006,0.00779003311783,0.0057397090562
517,pthread,2,3,1,5,1.0,0.071,0.092182058561,0.0679198904984
518,pthread,2,3,8,5,1.0,0.22,0.285634547654,0.210455998727
519,pthread,2,3,16,5,1.0,0.443,0.575164111867,0.423781851983
520,pthread,2,3,48,5,1.0,0.581,0.754334873577,0.555795160276
521,openmp,2,3,1,5,1.0,0.09,0.116850496767,0.086095635843
522,cilk,2,3,1,5,1.0,0.012,0.0155800662357,0.0114794181124
523,cilk,2,3,8,5,1.0,0.026,0.0337568101773,0.0248720725769
524,cilk,2,3,16,5,1.0,0.874,1.1347481575,0.836084285854
525,cilk,2,3,48,5,1.0,0.015,0.0194750827946,0.0143492726405
526,sequential,2,3,1,5,2.0,0.119,0.154502323504,0.113837562948
527,pthread,2,3,1,5,2.0,0.411,0.533617268571,0.39317007035
528,pthread,2,3,8,5,2.0,0.417,0.541407301689,0.398909779406
529,pthread,2,3,16,5,2.0,0.493,0.640081054515,0.471612760785
530,pthread,2,3,48,5,2.0,0.383,0.497263780688,0.366384761421
531,openmp,2,3,1,5,2.0,23.255,30.1928700259,22.2461556837
532,cilk,2,3,1,5,2.0,0.266,0.345358134891,0.254460434825
533,cilk,2,3,8,5,2.0,0.223,0.289529564213,0.213325853256
534,cilk,2,3,16,5,2.0,0.124,0.160994017769,0.118620653828
535,cilk,2,3,48,5,2.0,0.124,0.160994017769,0.118620653828
536,sequential,491,499,1,1,1.0,33.462,43.4450146981,32.0103574064
537,pthread,491,499,1,1,1.0,40.54,52.6346570995,38.7813008564
538,pthread,491,499,8,1,1.0,27.161,35.2641815856,25.9827062793
539,pthread,491,499,16,1,1.0,32.25,41.8714280083,30.8509361771
540,pthread,491,499,48,1,1.0,39.349,51.0883355256,37.6419686088
541,openmp,491,499,1,1,1.0,138.891,180.327581628,132.865655088
542,cilk,491,499,1,1,1.0,64.694,83.9947337542,61.8874562803
543,cilk,491,499,8,1,1.0,101.924,132.33188925,97.5023509741
544,cilk,491,499,16,1,1.0,41.801,54.2718623931,39.9875963764
545,cilk,491,499,48,1,1.0,38.525,50.0185043107,36.8537152317
546,sequential,491,499,1,1,2.0,940.024,1220.46968193,899.244044308
547,pthread,491,499,1,1,2.0,945.462,1227.53004861,904.446133949
548,pthread,491,499,8,1,2.0,243.644,316.332471493,233.074278882
549,pthread,491,499,16,1,2.0,190.164,246.897309637,181.914338827
550,pthread,491,499,48,1,2.0,248.999,323.285076051,238.196969214
551,openmp,491,499,1,1,2.0,314.466,408.283425739,300.823891345
552,cilk,491,499,1,1,2.0,1559.855,2025.2203515,1492.18564498
553,cilk,491,499,8,1,2.0,547.673,711.065134624,523.913946323
554,cilk,491,499,16,1,2.0,349.867,454.245919473,334.689131394
555,cilk,491,499,48,1,2.0,307.486,399.221020545,294.146696476
556,sequential,491,499,1,5,1.0,175.338,227.648137802,167.731517749
557,pthread,491,499,1,5,1.0,188.53,244.775823951,180.351224728
558,pthread,491,499,8,5,1.0,73.594,95.5499495456,70.401358047
559,pthread,491,499,16,5,1.0,46.52,60.3987234403,44.5018775491
560,pthread,491,499,48,5,1.0,41.682,54.1173600696,39.8737588134
561,openmp,491,499,1,5,1.0,455.091,590.862326938,435.348322349
562,cilk,491,499,1,5,1.0,360.581,468.156321943,344.938338532
563,cilk,491,499,8,5,1.0,163.27,211.979784525,156.187049601
564,cilk,491,499,16,5,1.0,93.331,121.175263487,89.2821309874
565,cilk,491,499,48,5,1.0,64.53,83.7818061823,61.7305708995
566,sequential,491,499,1,5,2.0,4698.762,6100.58526547,4494.92113406
567,pthread,491,499,1,5,2.0,4736.262,6149.27297245,4530.79431566
568,pthread,491,499,8,5,2.0,836.903,1086.58368107,800.596621377
569,pthread,491,499,16,5,2.0,635.976,825.712350358,608.386201121
570,pthread,491,499,48,5,2.0,542.24,704.011259636,518.716639773
571,openmp,491,499,1,5,2.0,1095.137,1421.85891643,1047.62795945
572,cilk,491,499,1,5,2.0,5560.725,7219.70531819,5319.49060693
573,cilk,491,499,8,5,2.0,2363.883,3069.12114278,2261.33344382
574,cilk,491,499,16,5,2.0,1603.029,2081.27483314,1533.48667811
575,cilk,491,499,48,5,2.0,975.258,1266.21535307,932.949529122
576,sequential,1000,1000,1,1,1.0,139.115,180.618409531,133.079937559
577,pthread,1000,1000,1,1,1.0,144.804,188.004659266,138.522138362
578,pthread,1000,1000,8,1,1.0,72.086,93.5920545553,68.9587778376
579,pthread,1000,1000,16,1,1.0,65.269,84.7412785946,62.4375117315
580,pthread,1000,1000,48,1,1.0,70.004,90.8889130634,66.9670987951
581,openmp,1000,1000,1,1,1.0,176.932,229.717689934,169.256367122
582,cilk,1000,1000,1,1,1.0,391.367,508.126981871,374.3887857
583,cilk,1000,1000,8,1,1.0,230.324,299.038597972,220.332124777
584,cilk,1000,1000,16,1,1.0,190.515,247.353026574,182.250111807
585,cilk,1000,1000,48,1,1.0,108.543,140.925594118,103.834206681
586,sequential,1000,1000,1,1,2.0,3823.306,4963.9467266,3657.44401214
587,pthread,1000,1000,1,1,2.0,3839.45,4984.90710904,3672.88765597
588,pthread,1000,1000,8,1,2.0,603.011,782.912610069,576.851282948
589,pthread,1000,1000,16,1,2.0,490.716,637.115648575,469.427844871
590,pthread,1000,1000,48,1,2.0,484.056,628.468711814,463.056767818
591,openmp,1000,1000,1,1,2.0,577.302,749.533616498,552.257586261
592,cilk,1000,1000,1,1,2.0,5008.13,6502.24975973,4790.86818594
593,cilk,1000,1000,8,1,2.0,950.508,1234.08146646,909.273229266
594,cilk,1000,1000,16,1,2.0,769.282,998.788709492,735.909143696
595,cilk,1000,1000,48,1,2.0,495.479,643.299636532,473.984217243
596,sequential,1000,1000,1,5,1.0,715.214,928.590124389,684.186712154
597,pthread,1000,1000,1,5,1.0,748.705,972.072790914,716.224811487
598,pthread,1000,1000,8,5,1.0,145.045,188.317558929,138.752683343
599,pthread,1000,1000,16,5,1.0,128.074,166.283450256,122.517916277
600,pthread,1000,1000,48,5,1.0,119.31,154.904808548,114.134114583
601,openmp,1000,1000,1,5,1.0,337.493,438.180274506,322.851938084
602,cilk,1000,1000,1,5,1.0,859.136,1115.44964879,821.865113285
603,cilk,1000,1000,8,5,1.0,686.705,891.57578203,656.914484573
604,cilk,1000,1000,16,5,1.0,368.642,478.622231437,352.649637649
605,cilk,1000,1000,48,5,1.0,213.646,277.384902582,204.377646837
606,sequential,1000,1000,1,5,2.0,19096.113,24793.2254486,18267.6887874
607,pthread,1000,1000,1,5,2.0,23432.848,30423.7769942,22416.288313
608,pthread,1000,1000,8,5,2.0,2515.812,3266.37646637,2406.67148668
609,pthread,1000,1000,16,5,2.0,1489.948,1934.45737731,1425.31133815
610,pthread,1000,1000,48,5,2.0,1370.074,1778.82030565,1310.63769091
611,openmp,1000,1000,1,5,2.0,1987.898,2580.96520915,1901.6593589
612,cilk,1000,1000,1,5,2.0,20554.143,26686.2424464,19662.4667866
613,cilk,1000,1000,8,5,2.0,4130.06,5362.21736311,3950.89046411
614,cilk,1000,1000,16,5,2.0,3014.727,3914.1371952,2883.94264398
615,cilk,1000,1000,48,5,2.0,2215.895,2876.98257261,2119.76543318
616,sequential,5000,5000,1,1,1.0,3268.625,4243.7828333,3126.82608564
617,pthread,5000,5000,1,1,1.0,3580.878,4649.19303515,3425.53298096
618,pthread,5000,5000,8,1,1.0,568.781,738.470471132,544.106242783
619,pthread,5000,5000,16,1,1.0,407.05,528.488830102,389.391428555
620,pthread,5000,5000,48,1,1.0,336.612,437.036437977,322.009157471
621,openmp,5000,5000,1,1,1.0,371.401,482.204348333,355.288947197
622,cilk,5000,5000,1,1,1.0,3842.63,4989.0358266,3675.92970177
623,cilk,5000,5000,8,1,1.0,922.786,1198.08891678,882.75386019
624,cilk,5000,5000,16,1,1.0,671.634,872.008517177,642.497292042
625,cilk,5000,5000,48,1,1.0,356.053,462.277443617,340.606771431
626,sequential,5000,5000,1,1,2.0,96992.023,125928.511889,92784.3321321
627,sequential,5000,5000,1,1,1.0,3445.996,4474.07049399,3296.50240814
628,pthread,5000,5000,1,1,1.0,3795.852,4928.30213173,3631.18101673
629,pthread,5000,5000,8,1,1.0,1110.688,1442.04938393,1062.5043287
630,pthread,5000,5000,16,1,1.0,607.401,788.612317634,581.050836741
631,pthread,5000,5000,48,1,1.0,685.133,889.534793353,655.410680801
632,openmp,5000,5000,1,1,1.0,1112.786,1444.77329884,1064.51131364
633,cilk,5000,5000,1,1,1.0,7213.169,9365.13756575,6900.2485722
634,cilk,5000,5000,8,1,1.0,1746.141,2267.08270307,1670.39021852
635,cilk,5000,5000,16,1,1.0,982.84,1276.05935825,940.202608133
636,cilk,5000,5000,48,1,1.0,551.261,715.723574428,527.346292339
637,sequential,5000,5000,1,1,2.0,97617.578,126740.69425,93382.7494152
638,pthread,5000,5000,1,1,2.0,96082.188,124747.237759,91913.9674339
639,pthread,5000,5000,8,1,2.0,15625.318,20286.9574494,14947.4632051
640,pthread,5000,5000,16,1,2.0,14057.878,18251.8891977,13448.0216113
641,pthread,5000,5000,48,1,2.0,12684.404,16468.65454,12134.1314186
642,openmp,5000,5000,1,1,2.0,15143.519,19661.4190884,14486.5655245
643,cilk,5000,5000,1,1,2.0,230074.438,298714.581931,220093.389232
644,cilk,5000,5000,8,1,2.0,73139.266,94959.5507256,69966.3512374
645,cilk,5000,5000,16,1,2.0,28239.412,36664.3257847,27014.3347997
646,cilk,5000,5000,48,1,2.0,15644.834,20312.2958305,14966.1325654
647,sequential,5000,5000,1,5,1.0,16455.693,21365.0655745,15741.815023
648,pthread,5000,5000,1,5,1.0,17707.342,22990.1301015,16939.1652064
649,pthread,5000,5000,8,5,1.0,2734.964,3550.91002268,2616.3162732
650,pthread,5000,5000,16,5,1.0,3745.797,4863.31378045,3583.29749393
651,pthread,5000,5000,48,5,1.0,2565.305,3330.63515122,2454.01739007
652,openmp,5000,5000,1,5,1.0,4452.095,5780.32791562,4258.95499843
653,cilk,5000,5000,1,5,1.0,55078.949,71511.1394676,52689.5237302
654,cilk,5000,5000,8,5,1.0,12893.285,16739.8528579,12333.9507798
655,cilk,5000,5000,16,5,1.0,6929.229,8996.48723184,6628.6264073
656,cilk,5000,5000,48,5,1.0,3748.136,4866.35059502,3585.53502385
657,sequential,5000,5000,1,5,2.0,481874.312,625636.141519,460969.725423
658,pthread,5000,5000,1,5,2.0,478472.75,621219.761413,457715.729387
659,pthread,5000,5000,8,5,2.0,60088.637,78015.4120392,57481.8823273
660,pthread,5000,5000,16,5,2.0,30956.805,40192.4226954,29613.8423349
661,pthread,5000,5000,48,5,2.0,13564.728,17611.6133924,12976.2653578
662,openmp,5000,5000,1,5,2.0,17828.797,23147.8198468,17055.351267
663,cilk,5000,5000,1,5,2.0,499472.75,648484.877326,477804.711084
664,cilk,5000,5000,8,5,2.0,86128.016,111823.349502,82391.6255713
665,cilk,5000,5000,16,5,2.0,49902.531,64790.3948589,47737.6681847
666,cilk,5000,5000,48,5,2.0,23124.918,30023.9795112,22121.7168781
667,sequential,10000,1,1,1,1.0,1.38,1.7917076171,1.32013308293
668,pthread,10000,1,1,1,1.0,2.495,3.23935543816,2.3867623492
669,pthread,10000,1,8,1,1.0,2.468,3.20430028913,2.36093365845
670,pthread,10000,1,16,1,1.0,2.003,2.6005727225,1.9161062066
671,pthread,10000,1,48,1,1.0,2.25,2.92126241919,2.15239089608
672,openmp,10000,1,1,1,1.0,1.436,1.86441459287,1.37370370078
673,cilk,10000,1,1,1,1.0,4.44,5.7646245072,4.24738470159
674,cilk,10000,1,8,1,1.0,4.843,6.28785506494,4.63290182653
675,cilk,10000,1,16,1,1.0,4.803,6.23592151082,4.59463709949
676,cilk,10000,1,48,1,1.0,7.065,9.17276399625,6.75850741368
677,sequential,10000,1,1,1,2.0,38.088,49.451130232,36.4356730888
678,pthread,10000,1,1,1,2.0,42.163,54.7418610579,40.3338921561
679,pthread,10000,1,8,1,2.0,39.531,51.3246331968,37.8160731168
680,pthread,10000,1,16,1,2.0,42.736,55.4858092206,40.882034371
681,pthread,10000,1,48,1,2.0,42.516,55.200174673,40.6715783723
682,openmp,10000,1,1,1,2.0,38.147,49.5277322243,36.4921135612
683,cilk,10000,1,1,1,2.0,47.291,61.3997426959,45.2394301628
684,cilk,10000,1,8,1,2.0,66.077,85.7903363878,63.2104592178
685,cilk,10000,1,16,1,2.0,46.105,59.8599128163,44.104881006
686,cilk,10000,1,48,1,2.0,70.979,92.1547934451,67.8998015167
687,sequential,10000,1,1,5,1.0,6.278,8.15097131896,6.00564890914
688,pthread,10000,1,1,5,1.0,9.039,11.735684892,8.64687169317
689,pthread,10000,1,8,5,1.0,9.588,12.4484729223,9.17205507181
690,pthread,10000,1,16,5,1.0,11.365,14.755621064,10.8719655706
691,pthread,10000,1,48,5,1.0,10.303,13.3767852022,9.85603706768
692,openmp,10000,1,1,5,1.0,6.734,8.74301383591,6.44186679741
693,cilk,10000,1,1,5,1.0,14.602,18.9583439311,13.9685386064
694,cilk,10000,1,8,5,1.0,12.54,16.2811692163,11.9959919275
695,cilk,10000,1,16,5,1.0,28.171,36.5755038271,26.948890637
696,cilk,10000,1,48,5,1.0,9.421,12.2316503338,9.01229983641
697,sequential,10000,1,1,5,2.0,192.023,249.310921564,183.692692017
698,pthread,10000,1,1,5,2.0,196.83,255.55203643,188.291155589
699,pthread,10000,1,8,5,2.0,197.534,256.466066983,188.964614785
700,pthread,10000,1,16,5,2.0,193.499,251.227269711,185.104660444
701,pthread,10000,1,48,5,2.0,198.128,257.237280262,189.532845981
702,openmp,10000,1,1,5,2.0,191.567,248.718879047,183.256474128
703,cilk,10000,1,1,5,2.0,197.135,255.948029781,188.582924132
704,cilk,10000,1,8,5,2.0,343.776,446.337737519,328.862370084
705,cilk,10000,1,16,5,2.0,304.121,394.852110305,290.927676314
706,cilk,10000,1,48,5,2.0,211.962,275.198499954,202.766701828
707,sequential,1,10000,1,1,1.0,2.188,2.8407654103,2.09308056916
708,pthread,1,10000,1,1,1.0,3.734,4.847997277,3.57201226931
709,pthread,1,10000,8,1,1.0,2.286,2.96800261789,2.18682915041
710,pthread,1,10000,16,1,1.0,3.848,4.99600790624,3.68106674138
711,pthread,1,10000,48,1,1.0,6.235,8.09514274828,5.96451432757
712,openmp,1,10000,1,1,1.0,152.475,197.964216607,145.860356391
713,cilk,1,10000,1,1,1.0,4.172,5.4166696946,3.99101103041
714,cilk,1,10000,8,1,1.0,4.58,5.94639194661,4.38131124623
715,cilk,1,10000,16,1,1.0,5.146,6.68125173739,4.92275713387
716,cilk,1,10000,48,1,1.0,2.363,3.06797470957,2.26048874997
717,sequential,1,10000,1,1,2.0,39.381,51.1298823689,37.6725803904
718,pthread,1,10000,1,1,2.0,44.013,57.1437879359,42.1036357818
719,pthread,1,10000,8,1,2.0,24.332,31.5911809705,23.2764334593
720,pthread,1,10000,16,1,2.0,35.681,46.3260286129,34.1330931391
721,pthread,1,10000,48,1,2.0,44.061,57.2061082008,42.1495534542
722,openmp,1,10000,1,1,2.0,198.994,258.361641708,190.361277322
723,cilk,1,10000,1,1,2.0,40.162,52.1438850131,38.4196991859
724,cilk,1,10000,8,1,2.0,38.045,49.3953016613,36.3945385072
725,cilk,1,10000,16,1,2.0,13.999,18.1754456028,13.3916978463
726,cilk,1,10000,48,1,2.0,11.103,14.4154562845,10.6213316085
727,sequential,1,10000,1,5,1.0,10.543,13.6883865269,10.0856254299
728,pthread,1,10000,1,5,1.0,13.653,17.7262203596,13.0607079574
729,pthread,1,10000,8,5,1.0,5.525,7.17332216267,5.28531542259
730,pthread,1,10000,16,5,1.0,6.152,7.98738062348,5.88511501896
731,pthread,1,10000,48,5,1.0,9.173,11.9096622983,8.77505852876
732,openmp,1,10000,1,5,1.0,578.759,751.425296207,553.651378943
733,cilk,1,10000,1,5,1.0,18.896,24.5334109658,18.0762570543
734,cilk,1,10000,8,5,1.0,5.084,6.60075472851,4.86344680696
735,cilk,1,10000,16,5,1.0,13.718,17.8106123851,13.1228881388
736,cilk,1,10000,48,5,1.0,7.699,9.99591082903,7.36500333728
737,sequential,1,10000,1,5,2.0,195.174,253.40198729,186.706995889
738,pthread,1,10000,1,5,2.0,201.482,261.591908774,192.741343344
739,pthread,1,10000,8,5,2.0,70.183,91.1213157181,67.1383334486
740,pthread,1,10000,16,5,2.0,79.311,102.972552768,75.8703441594
741,pthread,1,10000,48,5,2.0,77.485,100.601786023,74.12355937
742,openmp,1,10000,1,5,2.0,607.121,788.248782755,580.782983652
743,cilk,1,10000,1,5,2.0,206.773,268.461419646,197.802810113
744,cilk,1,10000,8,5,2.0,97.633,126.760717232,93.3975023807
745,cilk,1,10000,16,5,2.0,52.462,68.1134529046,50.1861027511
746,cilk,1,10000,48,5,2.0,29.752,38.6281775536,28.4613039734
747,sequential,100000,1,1,1,1.0,14.112,18.3221578931,13.4997957002
748,pthread,100000,1,1,1,1.0,21.143,27.4507783684,20.2257780959
749,pthread,100000,1,8,1,1.0,19.127,24.8333272408,18.297235853
750,pthread,100000,1,16,1,1.0,17.787,23.0935531778,17.0153674971
751,pthread,100000,1,48,1,1.0,19.749,25.6408940073,18.8922523585
752,openmp,100000,1,1,1,1.0,14.944,19.4023758188,14.2957020226
753,cilk,100000,1,1,1,1.0,21.013,27.2819943175,20.101417733
754,cilk,100000,1,8,1,1.0,17.659,22.9273658046,16.8929203706
755,cilk,100000,1,16,1,1.0,21.689,28.1596713821,20.74809162
756,cilk,100000,1,48,1,1.0,23.369,30.3408806551,22.3552101557
757,sequential,100000,1,1,1,2.0,383.845,498.360877019,367.19310378
758,pthread,100000,1,1,1,2.0,386.528,501.844320162,369.759710346
759,pthread,100000,1,8,1,2.0,384.267,498.908776015,367.59679665
760,pthread,100000,1,16,1,2.0,387.21,502.729787259,370.412123942
761,pthread,100000,1,48,1,2.0,387.394,502.968681608,370.588141686
762,openmp,100000,1,1,1,2.0,383.559,497.989552107,366.919510981
763,cilk,100000,1,1,1,2.0,542.874,704.834406468,519.323135696
764,cilk,100000,1,8,1,2.0,1152.386,1496.18751742,1102.39339341
765,cilk,100000,1,16,1,2.0,789.246,1024.70874635,755.007068962
766,cilk,100000,1,48,1,2.0,628.165,815.571025577,600.914056548
767,sequential,100000,1,1,5,1.0,68.027,88.3220971511,65.0758646611
768,pthread,100000,1,1,5,1.0,76.431,99.2333368715,73.1152838124
769,pthread,100000,1,8,5,1.0,71.372,92.6650406143,68.2757524599
770,pthread,100000,1,16,5,1.0,71.673,93.0558406091,68.5636945309
771,pthread,100000,1,48,5,1.0,72.822,94.5476319511,69.6628488151
772,openmp,100000,1,1,5,1.0,70.748,91.8548771701,67.678822718
773,cilk,100000,1,1,5,1.0,88.044,114.310945971,84.2244906907
774,cilk,100000,1,8,5,1.0,119.082,154.60878729,113.916005638
775,cilk,100000,1,16,5,1.0,79.448,103.150425191,76.0014008495
776,cilk,100000,1,48,5,1.0,94.953,123.281169106,90.8337656689
777,sequential,100000,1,1,5,2.0,1911.131,2481.29563042,1828.22265138
778,pthread,100000,1,1,5,2.0,1920.504,2493.46496049,1837.18903355
779,pthread,100000,1,8,5,2.0,1921.26,2494.44650466,1837.91223689
780,pthread,100000,1,16,5,2.0,1915.006,2486.32669347,1831.92954681
781,pthread,100000,1,48,5,2.0,1922.022,2495.43583887,1838.64117994
782,openmp,100000,1,1,5,2.0,1917.141,2489.09864693,1833.97192662
783,cilk,100000,1,1,5,2.0,3606.25,4682.13448853,3449.80429732
784,cilk,100000,1,8,5,2.0,3058.504,3970.97457517,2925.82051787
785,cilk,100000,1,16,5,2.0,3323.703,4315.29274064,3179.51470154
786,cilk,100000,1,48,5,2.0,2410.642,3129.83016921,2306.06395311
787,sequential,1,100000,1,1,1.0,21.069,27.3547012933,20.1549883509
788,pthread,1,100000,1,1,1.0,26.532,34.4475264471,25.3809934465
789,pthread,1,100000,8,1,1.0,12.505,16.2357273564,11.9625102913
790,pthread,1,100000,16,1,1.0,14.092,18.2961911161,13.4806633367
791,pthread,1,100000,48,1,1.0,15.808,20.5241405878,15.1222201267
792,openmp,1,100000,1,1,1.0,85.321,110.775569274,81.6196193974
793,cilk,1,100000,1,1,1.0,25.048,32.5207915892,23.9613720733
794,cilk,1,100000,8,1,1.0,22.776,29.5709657153,21.7879355773
795,cilk,1,100000,16,1,1.0,33.43,43.4034678549,31.9797456248
796,cilk,1,100000,48,1,1.0,25.969,33.7165616728,24.8424174134
797,sequential,1,100000,1,1,2.0,390.111,506.496268272,373.187273271
798,pthread,1,100000,1,1,2.0,397.204,515.705385756,379.972565993
799,pthread,1,100000,8,1,2.0,84.23,109.359081586,80.5759489673
800,pthread,1,100000,16,1,2.0,85.456,110.95084502,81.7487628511
801,pthread,1,100000,48,1,2.0,86.009,111.668826405,82.2777727025
802,openmp,1,100000,1,1,2.0,183.623,238.404875199,175.657099338
803,cilk,1,100000,1,1,2.0,602.631,782.419241305,576.487768041
804,cilk,1,100000,8,1,2.0,345.901,449.096707582,330.895183708
805,cilk,1,100000,16,1,2.0,193.592,251.348015225,185.193625935
806,cilk,1,100000,48,1,2.0,106.476,138.241927709,101.856876911
807,sequential,1,100000,1,5,1.0,105.922,137.522647984,101.326910442
808,pthread,1,100000,1,5,1.0,117.274,152.261390643,112.186439976
809,pthread,1,100000,8,5,1.0,36.712,47.6646159703,35.1193664786
810,pthread,1,100000,16,5,1.0,30.455,39.5409097673,29.1338065511
811,pthread,1,100000,48,5,1.0,34.214,44.4213655156,32.7297342748
812,openmp,1,100000,1,5,1.0,275.738,358.001358641,263.775982623
813,cilk,1,100000,1,5,1.0,133.399,173.197104648,127.611908065
814,cilk,1,100000,8,5,1.0,71.506,92.8390180206,68.4039392955
815,cilk,1,100000,16,5,1.0,42.771,55.5312510805,40.9155160071
816,cilk,1,100000,48,5,1.0,26.623,34.5656752827,25.4680457005
817,sequential,1,100000,1,5,2.0,1948.739,2530.123558,1864.19914775
818,pthread,1,100000,1,5,2.0,1959.725,2544.38710864,1874.70855503
819,pthread,1,100000,8,5,2.0,424.649,551.338295576,406.226951835
820,pthread,1,100000,16,5,2.0,434.091,563.597211025,415.259340653
821,pthread,1,100000,48,5,2.0,261.57,339.606493772,250.222616305
822,openmp,1,100000,1,5,2.0,669.935,869.802639466,640.871997761
823,cilk,1,100000,1,5,2.0,3003.923,3900.10994224,2873.60734121
824,cilk,1,100000,8,5,2.0,1108.359,1439.02555274,1060.27636497
825,cilk,1,100000,16,5,2.0,631.191,819.499798946,603.808783149
826,cilk,1,100000,48,5,2.0,311.658,404.63769024,298.137707506
827,mpi,1,100000,1,1,1.0,18.161,23.5791319088,17.3731426949
828,mpi,1,100000,8,1,1.0,19.77,25.6681591233,18.9123413402
829,mpi,1,100000,16,1,1.0,20.463,26.5679079484,19.5752777362
830,mpi,1,100000,34,1,1.0,57.849,75.1076043056,55.3394048654
831,mpi,1,100000,1,1,2.0,323.942,420.586484709,309.888805181
832,mpi,1,100000,8,1,2.0,52.706,68.4302475847,50.419517586
833,mpi,1,100000,16,1,2.0,30.303,39.3435622616,28.9884005884
834,mpi,1,100000,34,1,2.0,86.238,111.966146003,82.4968382648
835,mpi,1,100000,1,5,1.0,89.63,116.370111392,85.7416871179
836,mpi,1,100000,8,5,1.0,40.67,52.8034411504,38.9056612193
837,mpi,1,100000,16,5,1.0,46.457,60.3169280925,44.441610604
838,mpi,1,100000,34,5,1.0,90.887,118.00212333,86.9441561652
839,mpi,1,100000,1,5,2.0,1614.782,2096.53420968,1544.72981153
840,mpi,1,100000,8,5,2.0,236.869,307.536225765,226.593190739
841,mpi,1,100000,16,5,2.0,124.452,161.58086693,119.053045244
842,mpi,1,100000,34,5,2.0,127.309,165.290221033,121.786103373
843,mpi,100000,1,1,1,1.0,13.263,17.219868207,12.6876268687
844,mpi,100000,1,1,1,1.0,43.922,57.0256391002,42.0165835278
845,mpi,100000,1,1,1,1.0,56.392,73.2159245968,53.9456121829
846,mpi,100000,1,1,1,1.0,96.758,125.624670736,92.5604614767
847,mpi,100000,1,1,1,2.0,317.741,412.535485482,303.956815871
848,mpi,100000,1,1,1,2.0,348.341,452.264654383,333.229332058
849,mpi,100000,1,1,1,2.0,350.983,455.694865633,335.756717279
850,mpi,100000,1,1,1,2.0,398.478,517.359469455,381.19129755
851,mpi,100000,1,1,5,1.0,57.188,74.2494023238,54.707080251
852,mpi,100000,1,1,5,1.0,86.994,112.947690175,83.2200416059
853,mpi,100000,1,1,5,1.0,89.121,115.709256916,85.2547684663
854,mpi,100000,1,1,5,1.0,150.503,195.403892389,143.973905348
855,mpi,100000,1,1,5,2.0,1584.591,2057.33606137,1515.84855218
856,mpi,100000,1,1,5,2.0,1614.914,2096.70559041,1544.85608513
857,mpi,100000,1,1,5,2.0,1618.219,2100.99660032,1548.0177082
858,mpi,100000,1,1,5,2.0,1669.007,2166.93663398,1596.60243213
859,sequential,1,1000000,1,1,1.0,212.303,275.641233503,203.092908627
860,pthread,1,1000000,1,1,1.0,230.074,298.714013259,220.092970233
861,pthread,1,1000000,8,1,1.0,57.992,75.2932667615,55.4762012646
862,pthread,1,1000000,16,1,1.0,58.67,76.1735405039,56.1247883879
863,pthread,1,1000000,48,1,1.0,65.34,84.8334606532,62.505431622
864,openmp,1,1000000,1,1,1.0,133.049,172.742686049,127.277091703
865,cilk,1,1000000,1,1,1.0,229.974,298.584179373,219.997308415
866,cilk,1,1000000,8,1,1.0,176.231,228.807554398,168.585777781
867,cilk,1,1000000,16,1,1.0,135.524,175.95607471,129.644721689
868,cilk,1,1000000,48,1,1.0,69.126,89.7489715505,66.1271880365
869,sequential,1,1000000,1,1,2.0,3900.36,5063.98892858,3731.15526908
870,pthread,1,1000000,1,1,2.0,3913.389,5080.90498549,3743.61904729
871,pthread,1,1000000,8,1,2.0,516.441,670.515415568,494.036847449
872,pthread,1,1000000,16,1,2.0,367.848,477.591350388,351.890082818
873,pthread,1,1000000,48,1,2.0,319.383,414.667357879,305.527582916
874,openmp,1,1000000,1,1,2.0,354.173,459.836566574,338.80832926
875,cilk,1,1000000,1,1,2.0,5766.878,7487.36176775,5516.70031377
876,cilk,1,1000000,8,1,2.0,999.87,1298.17006892,956.493815671
877,cilk,1,1000000,16,1,2.0,791.248,1027.30802074,756.92221855
878,cilk,1,1000000,48,1,2.0,358.075,464.902684778,342.541053383
879,sequential,1,1000000,1,5,1.0,1055.742,1370.71085731,1009.9419864
880,pthread,1,1000000,1,5,1.0,1123.496,1458.67850796,1074.7566943
881,pthread,1,1000000,8,5,1.0,214.59,278.610534459,205.280694395
882,pthread,1,1000000,16,5,1.0,169.357,219.882773123,162.009984439
883,pthread,1,1000000,48,5,1.0,145.025,188.291592152,138.733550979
884,openmp,1,1000000,1,5,1.0,488.242,633.903558253,467.061171503
885,cilk,1,1000000,1,5,1.0,1517.253,1969.90851969,1451.43179744
886,cilk,1,1000000,8,5,1.0,503.06,653.142343376,481.236339636
887,cilk,1,1000000,16,5,1.0,365.669,474.762270027,349.805611812
888,cilk,1,1000000,48,5,1.0,179.94,233.623093204,172.133874596
889,sequential,1,1000000,1,5,2.0,19461.061,25267.0516164,18616.8046775
890,pthread,1,1000000,1,5,2.0,19589.271,25433.5116407,18739.4526939
891,pthread,1,1000000,8,5,2.0,2787.381,3618.96505034,2666.45932813
892,pthread,1,1000000,16,5,2.0,1399.525,1817.05768321,1338.81105281
893,pthread,1,1000000,48,5,2.0,760.051,986.80374354,727.078601313
894,openmp,1,1000000,1,5,2.0,1695.089,2200.79990795,1621.55294739
